ISIN,MarketSegment,UnderlyingSymbol,UnderlyingISIN,Currency,SecurityType,MaturityDate,StrikePrice,PutOrCall,MLEG,ContractGenerationNumber,SecurityID,Date,Time,StartPrice,MaxPrice,MinPrice,EndPrice,NumberOfContracts,NumberOfTrades
"DE000C0NSEN6","FESX","SX5E","EU0009658145","EUR",FUT,20180316,,,,,2258377,2018-02-01,07:00,3615,3620,3614,3620,2423,181
"DE000C02MHL4","F2MX","MDAX","DE0008467416","EUR",FUT,20180316,,,,,2479912,2018-02-01,07:00,26820,26820,26820,26820,2,2
"DE000C02MHQ3","FDAX","DAX","DE0008469008","EUR",FUT,20180316,,,,,2479916,2018-02-01,07:00,13243.5,13255,13243.5,13253.5,167,126
"DE000C02MHS9","FDXM","DAX","DE0008469008","EUR",FUT,20180316,,,,,2479918,2018-02-01,07:00,13242,13250,13235,13249,68,46
"DE000C02MJV9","FSMI","SMI","CH0009980894","CHF",FUT,20180316,,,,,2479954,2018-02-01,07:00,9255,9257,9248,9255,40,27
"DE000C0NSEN6","FESX","SX5E","EU0009658145","EUR",FUT,20180316,,,,,2258377,2018-02-01,07:01,3620,3621,3620,3620,1142,70
"DE000C01YSB9","FBTP",,,"EUR",FUT,20180308,,,,,2468258,2018-02-01,07:01,135.82,136,135.82,135.97,153,60
"DE000C01YSD5","FGBL",,,"EUR",FUT,20180308,,,,,2468260,2018-02-01,07:01,158.54,158.64,158.53,158.62,3762,280
"DE000C01YSE3","FGBM",,,"EUR",FUT,20180308,,,,,2468261,2018-02-01,07:01,130.39,130.41,130.38,130.4,971,61
"DE000C01YSF0","FGBS",,,"EUR",FUT,20180308,,,,,2468262,2018-02-01,07:01,111.805,111.81,111.805,111.81,161,9
"DE000C01YSG8","FGBX",,,"EUR",FUT,20180308,,,,,2468263,2018-02-01,07:01,160.98,161.22,160.98,161.2,138,56
"DE000C01YSJ2","FOAT",,,"EUR",FUT,20180308,,,,,2468265,2018-02-01,07:01,152.76,152.86,152.72,152.85,593,110
"DE000C02MHQ3","FDAX","DAX","DE0008469008","EUR",FUT,20180316,,,,,2479916,2018-02-01,07:01,13251.5,13257,13247,13247.5,170,116
"DE000C02MHS9","FDXM","DAX","DE0008469008","EUR",FUT,20180316,,,,,2479918,2018-02-01,07:01,13247,13254,13244,13244,48,27
"DE000C02MJV9","FSMI","SMI","CH0009980894","CHF",FUT,20180316,,,,,2479954,2018-02-01,07:01,9256,9257,9253,9254,49,17
"DE000C02MKS3","FXXP","SXXP","EU0009658202","EUR",FUT,20180316,,,,,2479984,2018-02-01,07:01,395.5,395.5,395.4,395.4,5,2
"DE000C0NSEN6","FESX","SX5E","EU0009658145","EUR",FUT,20180316,,,,,2258377,2018-02-01,07:02,3620,3621,3620,3621,270,39
"DE000C01YSB9","FBTP",,,"EUR",FUT,20180308,,,,,2468258,2018-02-01,07:02,135.96,136.04,135.91,136.03,163,46
"DE000C01YSD5","FGBL",,,"EUR",FUT,20180308,,,,,2468260,2018-02-01,07:02,158.63,158.64,158.58,158.63,2488,190
"DE000C01YSE3","FGBM",,,"EUR",FUT,20180308,,,,,2468261,2018-02-01,07:02,130.4,130.41,130.39,130.41,2546,66
"DE000C01YSF0","FGBS",,,"EUR",FUT,20180308,,,,,2468262,2018-02-01,07:02,111.81,111.815,111.81,111.815,2075,16
"DE000C01YSG8","FGBX",,,"EUR",FUT,20180308,,,,,2468263,2018-02-01,07:02,161.18,161.24,161.08,161.24,94,40
"DE000C01YSJ2","FOAT",,,"EUR",FUT,20180308,,,,,2468265,2018-02-01,07:02,152.83,152.84,152.78,152.83,342,81
"DE000C02MHQ3","FDAX","DAX","DE0008469008","EUR",FUT,20180316,,,,,2479916,2018-02-01,07:02,13249,13251.5,13248.5,13251.5,116,70
"DE000C02MHS9","FDXM","DAX","DE0008469008","EUR",FUT,20180316,,,,,2479918,2018-02-01,07:02,13248,13250,13246,13249,35,22
"DE000C02MJV9","FSMI","SMI","CH0009980894","CHF",FUT,20180316,,,,,2479954,2018-02-01,07:02,9255,9258,9255,9258,55,14
"DE000C0NSEN6","FESX","SX5E","EU0009658145","EUR",FUT,20180316,,,,,2258377,2018-02-01,07:03,3620,3621,3620,3620,849,41
"DE000C01YSB9","FBTP",,,"EUR",FUT,20180308,,,,,2468258,2018-02-01,07:03,136.03,136.08,136.03,136.08,272,46
"DE000C01YSD5","FGBL",,,"EUR",FUT,20180308,,,,,2468260,2018-02-01,07:03,158.63,158.65,158.63,158.65,777,61
"DE000C01YSE3","FGBM",,,"EUR",FUT,20180308,,,,,2468261,2018-02-01,07:03,130.41,130.42,130.41,130.42,608,23
"DE000C01YSF0","FGBS",,,"EUR",FUT,20180308,,,,,2468262,2018-02-01,07:03,111.815,111.82,111.815,111.82,1664,32
"DE000C01YSG8","FGBX",,,"EUR",FUT,20180308,,,,,2468263,2018-02-01,07:03,161.28,161.3,161.26,161.28,25,7
"DE000C01YSJ2","FOAT",,,"EUR",FUT,20180308,,,,,2468265,2018-02-01,07:03,152.84,152.85,152.84,152.85,181,24
"DE000C02MHQ3","FDAX","DAX","DE0008469008","EUR",FUT,20180316,,,,,2479916,2018-02-01,07:03,13252,13252,13247.5,13251,94,65
"DE000C02MHS9","FDXM","DAX","DE0008469008","EUR",FUT,20180316,,,,,2479918,2018-02-01,07:03,13250,13251,13246,13251,45,36
"DE000C02MJV9","FSMI","SMI","CH0009980894","CHF",FUT,20180316,,,,,2479954,2018-02-01,07:03,9259,9259,9257,9257,32,10
"DE000C02MKS3","FXXP","SXXP","EU0009658202","EUR",FUT,20180316,,,,,2479984,2018-02-01,07:03,395.4,395.4,395.4,395.4,4,2
"DE000C08RE05","OGBL","FGBL","DE0009652644","EUR",OPT,20180223,159,Call,,1,2629960,2018-02-01,07:03,0.55,0.55,0.55,0.55,1,1
"DE000C1LCUQ1","OGBL","FGBL","DE0009652644","EUR",OPT,20180323,155,Put,,1,2886881,2018-02-01,07:03,0.73,0.73,0.73,0.73,2,1
"DE000C0NSEN6","FESX","SX5E","EU0009658145","EUR",FUT,20180316,,,,,2258377,2018-02-01,07:04,3620,3623,3620,3621,1677,75
"DE000C01YSB9","FBTP",,,"EUR",FUT,20180308,,,,,2468258,2018-02-01,07:04,136.08,136.13,136.08,136.08,340,54
"DE000C01YSC7","FBTS",,,"EUR",FUT,20180308,,,,,2468259,2018-02-01,07:04,113.25,113.25,113.25,113.25,161,4
"DE000C01YSD5","FGBL",,,"EUR",FUT,20180308,,,,,2468260,2018-02-01,07:04,158.64,158.66,158.63,158.63,662,77
"DE000C01YSE3","FGBM",,,"EUR",FUT,20180308,,,,,2468261,2018-02-01,07:04,130.43,130.43,130.42,130.43,53,13
"DE000C01YSF0","FGBS",,,"EUR",FUT,20180308,,,,,2468262,2018-02-01,07:04,111.815,111.82,111.815,111.82,116,21
"DE000C01YSG8","FGBX",,,"EUR",FUT,20180308,,,,,2468263,2018-02-01,07:04,161.26,161.3,161.26,161.28,43,24
"DE000C01YSJ2","FOAT",,,"EUR",FUT,20180308,,,,,2468265,2018-02-01,07:04,152.86,152.86,152.83,152.84,244,39
"DE000C02MHQ3","FDAX","DAX","DE0008469008","EUR",FUT,20180316,,,,,2479916,2018-02-01,07:04,13252,13257.5,13250.5,13251,202,125
"DE000C02MHS9","FDXM","DAX","DE0008469008","EUR",FUT,20180316,,,,,2479918,2018-02-01,07:04,13251,13256,13250,13251,68,52
"DE000C02MJV9","FSMI","SMI","CH0009980894","CHF",FUT,20180316,,,,,2479954,2018-02-01,07:04,9258,9261,9258,9261,13,5
"DE000C02MKS3","FXXP","SXXP","EU0009658202","EUR",FUT,20180316,,,,,2479984,2018-02-01,07:04,395.4,395.5,395.4,395.4,67,6
"DE000C03JBH9","FVS","V2TX","DE000A0C3QF1","EUR",FUT,20180214,,,,,2509649,2018-02-01,07:04,15.4,15.4,15.3,15.3,51,8
"DE000C05DXP4","FVS","V2TX","DE000A0C3QF1","EUR",FUT,20180321,,,,,2549108,2018-02-01,07:04,14.7,14.7,14.7,14.7,5,1
"DE000C08RE21","OGBL","FGBL","DE0009652644","EUR",OPT,20180223,159.5,Call,,1,2629962,2018-02-01,07:04,0.36,0.36,0.36,0.36,1,1
"DE000C1LCV49","OGBL","FGBL","DE0009652644","EUR",OPT,20180323,157.5,Call,,1,2886890,2018-02-01,07:04,0.49,0.49,0.49,0.49,3,1
"DE000C0NSEN6","FESX","SX5E","EU0009658145","EUR",FUT,20180316,,,,,2258377,2018-02-01,07:05,3621,3622,3621,3621,471,39
"DE000C01YSB9","FBTP",,,"EUR",FUT,20180308,,,,,2468258,2018-02-01,07:05,136.08,136.09,136.03,136.06,115,31
"DE000C01YSC7","FBTS",,,"EUR",FUT,20180308,,,,,2468259,2018-02-01,07:05,113.25,113.25,113.25,113.25,22,2
"DE000C01YSD5","FGBL",,,"EUR",FUT,20180308,,,,,2468260,2018-02-01,07:05,158.64,158.64,158.61,158.62,813,99
"DE000C01YSE3","FGBM",,,"EUR",FUT,20180308,,,,,2468261,2018-02-01,07:05,130.42,130.42,130.41,130.41,688,34
"DE000C01YSF0","FGBS",,,"EUR",FUT,20180308,,,,,2468262,2018-02-01,07:05,111.82,111.82,111.81,111.81,1424,10
"DE000C01YSG8","FGBX",,,"EUR",FUT,20180308,,,,,2468263,2018-02-01,07:05,161.28,161.28,161.14,161.18,75,29
"DE000C01YSJ2","FOAT",,,"EUR",FUT,20180308,,,,,2468265,2018-02-01,07:05,152.84,152.85,152.8,152.82,123,35
"DE000C02MHQ3","FDAX","DAX","DE0008469008","EUR",FUT,20180316,,,,,2479916,2018-02-01,07:05,13251,13253,13251,13251.5,69,50
"DE000C02MHS9","FDXM","DAX","DE0008469008","EUR",FUT,20180316,,,,,2479918,2018-02-01,07:05,13252,13253,13250,13250,22,10
"DE000C02MHV3","FESB","SX7E","EU0009658426","EUR",FUT,20180316,,,,,2479921,2018-02-01,07:05,142,142.3,142,142.2,184,8
"DE000C02MJV9","FSMI","SMI","CH0009980894","CHF",FUT,20180316,,,,,2479954,2018-02-01,07:05,9261,9269,9261,9268,49,17
"DE000C02MKJ2","FTDX","TDXP","DE0007203275","EUR",FUT,20180316,,,,,2479976,2018-02-01,07:05,2640.5,2640.5,2640.5,2640.5,2,2
"DE000C03JBH9","FVS","V2TX","DE000A0C3QF1","EUR",FUT,20180214,,,,,2509649,2018-02-01,07:05,15.3,15.3,15.3,15.3,10,1
"DE000C08RE05","OGBL","FGBL","DE0009652644","EUR",OPT,20180223,159,Call,,1,2629960,2018-02-01,07:05,0.54,0.54,0.54,0.54,1,1
"DE000C0NSEN6","FESX","SX5E","EU0009658145","EUR",FUT,20180316,,,,,2258377,2018-02-01,07:06,3621,3622,3621,3622,434,29
"DE000C01YSB9","FBTP",,,"EUR",FUT,20180308,,,,,2468258,2018-02-01,07:06,136.06,136.06,136.02,136.03,58,15
"DE000C01YSD5","FGBL",,,"EUR",FUT,20180308,,,,,2468260,2018-02-01,07:06,158.63,158.68,158.63,158.66,1134,86
"DE000C01YSE3","FGBM",,,"EUR",FUT,20180308,,,,,2468261,2018-02-01,07:06,130.42,130.43,130.42,130.43,463,13
"DE000C01YSF0","FGBS",,,"EUR",FUT,20180308,,,,,2468262,2018-02-01,07:06,111.815,111.82,111.815,111.82,686,12
"DE000C01YSG8","FGBX",,,"EUR",FUT,20180308,,,,,2468263,2018-02-01,07:06,161.2,161.28,161.2,161.26,40,11
"DE000C01YSJ2","FOAT",,,"EUR",FUT,20180308,,,,,2468265,2018-02-01,07:06,152.83,152.87,152.83,152.84,412,77
"DE000C02MHQ3","FDAX","DAX","DE0008469008","EUR",FUT,20180316,,,,,2479916,2018-02-01,07:06,13251,13252,13250,13250.5,51,32
"DE000C02MHS9","FDXM","DAX","DE0008469008","EUR",FUT,20180316,,,,,2479918,2018-02-01,07:06,13250,13251,13250,13250,11,9
"DE000C02MJV9","FSMI","SMI","CH0009980894","CHF",FUT,20180316,,,,,2479954,2018-02-01,07:06,9268,9269,9268,9269,14,8
"DE000C02MKJ2","FTDX","TDXP","DE0007203275","EUR",FUT,20180316,,,,,2479976,2018-02-01,07:06,2640.5,2640.5,2640.5,2640.5,2,2
"DE000C02MKS3","FXXP","SXXP","EU0009658202","EUR",FUT,20180316,,,,,2479984,2018-02-01,07:06,395.5,395.5,395.5,395.5,6,4
"DE000C03JBH9","FVS","V2TX","DE000A0C3QF1","EUR",FUT,20180214,,,,,2509649,2018-02-01,07:06,15.3,15.3,15.3,15.3,4,1
"DE000C08RE05","OGBL","FGBL","DE0009652644","EUR",OPT,20180223,159,Call,,1,2629960,2018-02-01,07:06,0.56,0.56,0.56,0.56,1,1
"DE000C08RE47","OGBL","FGBL","DE0009652644","EUR",OPT,20180223,160,Call,,1,2629964,2018-02-01,07:06,0.22,0.22,0.22,0.22,1,1
"DE000C1A15X6","FDAX","DAX","DE0008469008","EUR",FUT,20180615,,,,,2657557,2018-02-01,07:06,13273,13273,13273,13273,4,1
"DE000C102SZ1","OGB1","FGBL","DE0009652644","EUR",OPT,20180202,158.5,Call,,1,2911358,2018-02-01,07:06,0.34,0.34,0.34,0.34,12,1
"DE000C1AV3D1","FDAX","DAX","DE0008469008","EUR",MLEG,,,,"FDAX.S.MAR18.JUN18",,72060123773665318,2018-02-01,07:06,-21.5,-21.5,-21.5,-21.5,6,2
"DE000C05EZD3","FVS","V2TX","DE000A0C3QF1","EUR",MLEG,,,,"FVS.S.FEB18.MAR18",,72061120206078343,2018-02-01,07:06,0.5,0.5,0.5,0.5,4,1
"DE000C0NSEN6","FESX","SX5E","EU0009658145","EUR",FUT,20180316,,,,,2258377,2018-02-01,07:07,3622,3622,3621,3621,215,10
"DE000C01YS98","FBON",,,"EUR",FUT,20180308,,,,,2468256,2018-02-01,07:07,145.4,145.4,145.4,145.4,10,2
"DE000C01YSB9","FBTP",,,"EUR",FUT,20180308,,,,,2468258,2018-02-01,07:07,136.03,136.04,136.01,136.03,145,32
"DE000C01YSD5","FGBL",,,"EUR",FUT,20180308,,,,,2468260,2018-02-01,07:07,158.67,158.67,158.65,158.67,432,47
"DE000C01YSE3","FGBM",,,"EUR",FUT,20180308,,,,,2468261,2018-02-01,07:07,130.43,130.44,130.43,130.43,682,19
"DE000C01YSF0","FGBS",,,"EUR",FUT,20180308,,,,,2468262,2018-02-01,07:07,111.82,111.82,111.82,111.82,4,4
"DE000C01YSG8","FGBX",,,"EUR",FUT,20180308,,,,,2468263,2018-02-01,07:07,161.28,161.28,161.26,161.28,29,5
"DE000C01YSJ2","FOAT",,,"EUR",FUT,20180308,,,,,2468265,2018-02-01,07:07,152.84,152.85,152.82,152.85,73,12
"DE000C02MHQ3","FDAX","DAX","DE0008469008","EUR",FUT,20180316,,,,,2479916,2018-02-01,07:07,13250,13252,13249.5,13251,61,43
"DE000C02MHS9","FDXM","DAX","DE0008469008","EUR",FUT,20180316,,,,,2479918,2018-02-01,07:07,13250,13250,13250,13250,9,7
"DE000C02MHV3","FESB","SX7E","EU0009658426","EUR",FUT,20180316,,,,,2479921,2018-02-01,07:07,142.1,142.1,142.1,142.1,10,1
"DE000C0NSEN6","FESX","SX5E","EU0009658145","EUR",FUT,20180316,,,,,2258377,2018-02-01,07:08,3621,3622,3621,3621,70,11
"DE000C01YSB9","FBTP",,,"EUR",FUT,20180308,,,,,2468258,2018-02-01,07:08,136.04,136.05,136.03,136.03,61,10
"DE000C01YSD5","FGBL",,,"EUR",FUT,20180308,,,,,2468260,2018-02-01,07:08,158.67,158.68,158.65,158.66,719,71
"DE000C01YSE3","FGBM",,,"EUR",FUT,20180308,,,,,2468261,2018-02-01,07:08,130.43,130.44,130.43,130.43,600,16
"DE000C01YSF0","FGBS",,,"EUR",FUT,20180308,,,,,2468262,2018-02-01,07:08,111.82,111.825,111.82,111.82,1482,18
"DE000C01YSG8","FGBX",,,"EUR",FUT,20180308,,,,,2468263,2018-02-01,07:08,161.3,161.32,161.28,161.28,34,11
"DE000C01YSJ2","FOAT",,,"EUR",FUT,20180308,,,,,2468265,2018-02-01,07:08,152.85,152.88,152.85,152.85,168,26
"DE000C02MHQ3","FDAX","DAX","DE0008469008","EUR",FUT,20180316,,,,,2479916,2018-02-01,07:08,13251.5,13252.5,13250.5,13252.5,55,38
"DE000C02MHS9","FDXM","DAX","DE0008469008","EUR",FUT,20180316,,,,,2479918,2018-02-01,07:08,13251,13252,13251,13251,13,11
"DE000C02MJV9","FSMI","SMI","CH0009980894","CHF",FUT,20180316,,,,,2479954,2018-02-01,07:08,9269,9270,9269,9269,15,6
"DE000C03JBH9","FVS","V2TX","DE000A0C3QF1","EUR",FUT,20180214,,,,,2509649,2018-02-01,07:08,15.3,15.3,15.3,15.3,22,3
"DE000C0NSEN6","FESX","SX5E","EU0009658145","EUR",FUT,20180316,,,,,2258377,2018-02-01,07:09,3622,3623,3621,3623,1084,34
"DE000C0NSEP1","FESX","SX5E","EU0009658145","EUR",FUT,20180615,,,,,2258378,2018-02-01,07:09,3538,3538,3538,3538,1,1
"DE000C01YSB9","FBTP",,,"EUR",FUT,20180308,,,,,2468258,2018-02-01,07:09,136.02,136.03,136,136.02,88,17
"DE000C01YSC7","FBTS",,,"EUR",FUT,20180308,,,,,2468259,2018-02-01,07:09,113.24,113.24,113.24,113.24,374,12
"DE000C01YSD5","FGBL",,,"EUR",FUT,20180308,,,,,2468260,2018-02-01,07:09,158.67,158.68,158.66,158.68,163,21
"DE000C01YSE3","FGBM",,,"EUR",FUT,20180308,,,,,2468261,2018-02-01,07:09,130.43,130.43,130.43,130.43,2,1
"DE000C01YSF0","FGBS",,,"EUR",FUT,20180308,,,,,2468262,2018-02-01,07:09,111.82,111.82,111.82,111.82,2,2
"DE000C01YSG8","FGBX",,,"EUR",FUT,20180308,,,,,2468263,2018-02-01,07:09,161.3,161.3,161.3,161.3,21,8
"DE000C01YSJ2","FOAT",,,"EUR",FUT,20180308,,,,,2468265,2018-02-01,07:09,152.85,152.85,152.85,152.85,85,9
"DE000C02MHQ3","FDAX","DAX","DE0008469008","EUR",FUT,20180316,,,,,2479916,2018-02-01,07:09,13252.5,13254.5,13252,13253.5,71,44
"DE000C02MHS9","FDXM","DAX","DE0008469008","EUR",FUT,20180316,,,,,2479918,2018-02-01,07:09,13253,13255,13253,13255,11,8
"DE000C02MHV3","FESB","SX7E","EU0009658426","EUR",FUT,20180316,,,,,2479921,2018-02-01,07:09,142.1,142.1,142,142,65,3
"DE000C02MJV9","FSMI","SMI","CH0009980894","CHF",FUT,20180316,,,,,2479954,2018-02-01,07:09,9270,9270,9270,9270,5,1
"DE000C03JBH9","FVS","V2TX","DE000A0C3QF1","EUR",FUT,20180214,,,,,2509649,2018-02-01,07:09,15.25,15.25,15.25,15.25,20,2
"DE000C05DXP4","FVS","V2TX","DE000A0C3QF1","EUR",FUT,20180321,,,,,2549108,2018-02-01,07:09,14.65,14.65,14.55,14.55,6,2
"DE000C07N2W5","FVS","V2TX","DE000A0C3QF1","EUR",FUT,20180418,,,,,2601172,2018-02-01,07:09,15.55,15.55,15.55,15.55,5,1
"DE000C1AV3B5","FESX","SX5E","EU0009658145","EUR",MLEG,,,,"FESX.S.MAR18.JUN18",,72060493140852805,2018-02-01,07:09,84,84,84,84,1,1
"DE000C07P394","FVS","V2TX","DE000A0C3QF1","EUR",MLEG,,,,"FVS.S.MAR18.APR18",,72061120206078350,2018-02-01,07:09,-0.9,-0.9,-0.9,-0.9,5,1
"DE000C0NSEN6","FESX","SX5E","EU0009658145","EUR",FUT,20180316,,,,,2258377,2018-02-01,07:10,3622,3623,3621,3621,813,14
"DE000C01YSB9","FBTP",,,"EUR",FUT,20180308,,,,,2468258,2018-02-01,07:10,136.02,136.04,136.02,136.02,48,9
"DE000C01YSD5","FGBL",,,"EUR",FUT,20180308,,,,,2468260,2018-02-01,07:10,158.67,158.69,158.67,158.68,675,45
"DE000C01YSE3","FGBM",,,"EUR",FUT,20180308,,,,,2468261,2018-02-01,07:10,130.44,130.44,130.44,130.44,96,5
"DE000C01YSF0","FGBS",,,"EUR",FUT,20180308,,,,,2468262,2018-02-01,07:10,111.82,111.82,111.82,111.82,5,5
"DE000C01YSG8","FGBX",,,"EUR",FUT,20180308,,,,,2468263,2018-02-01,07:10,161.32,161.36,161.32,161.36,74,10
"DE000C01YSJ2","FOAT",,,"EUR",FUT,20180308,,,,,2468265,2018-02-01,07:10,152.85,152.86,152.85,152.86,31,8
"DE000C02MHQ3","FDAX","DAX","DE0008469008","EUR",FUT,20180316,,,,,2479916,2018-02-01,07:10,13253,13254.5,13247.5,13248,123,63
"DE000C02MHS9","FDXM","DAX","DE0008469008","EUR",FUT,20180316,,,,,2479918,2018-02-01,07:10,13255,13255,13247,13248,20,11
"DE000C02MHV3","FESB","SX7E","EU0009658426","EUR",FUT,20180316,,,,,2479921,2018-02-01,07:10,142.1,142.3,142.1,142.3,364,33
"DE000C02MJV9","FSMI","SMI","CH0009980894","CHF",FUT,20180316,,,,,2479954,2018-02-01,07:10,9270,9270,9270,9270,1,1
"DE000C02MKS3","FXXP","SXXP","EU0009658202","EUR",FUT,20180316,,,,,2479984,2018-02-01,07:10,395.6,395.6,395.5,395.5,17,3
"DE000C03JBH9","FVS","V2TX","DE000A0C3QF1","EUR",FUT,20180214,,,,,2509649,2018-02-01,07:10,15.25,15.25,15.25,15.25,5,1
"DE000C08RE05","OGBL","FGBL","DE0009652644","EUR",OPT,20180223,159,Call,,1,2629960,2018-02-01,07:10,0.56,0.56,0.56,0.56,25,1
"DE000C0NSEN6","FESX","SX5E","EU0009658145","EUR",FUT,20180316,,,,,2258377,2018-02-01,07:11,3622,3622,3621,3621,37,9
"DE000C01YSB9","FBTP",,,"EUR",FUT,20180308,,,,,2468258,2018-02-01,07:11,136.03,136.03,136,136.01,27,11
"DE000C01YSD5","FGBL",,,"EUR",FUT,20180308,,,,,2468260,2018-02-01,07:11,158.68,158.68,158.65,158.66,685,50
"DE000C01YSE3","FGBM",,,"EUR",FUT,20180308,,,,,2468261,2018-02-01,07:11,130.44,130.44,130.43,130.44,606,7
"DE000C01YSF0","FGBS",,,"EUR",FUT,20180308,,,,,2468262,2018-02-01,07:11,111.82,111.82,111.82,111.82,3,3
"DE000C01YSG8","FGBX",,,"EUR",FUT,20180308,,,,,2468263,2018-02-01,07:11,161.34,161.34,161.3,161.3,29,6
"DE000C01YSJ2","FOAT",,,"EUR",FUT,20180308,,,,,2468265,2018-02-01,07:11,152.87,152.87,152.84,152.84,76,16
"DE000C02MHQ3","FDAX","DAX","DE0008469008","EUR",FUT,20180316,,,,,2479916,2018-02-01,07:11,13247.5,13251.5,13247.5,13250.5,96,56
"DE000C02MHS9","FDXM","DAX","DE0008469008","EUR",FUT,20180316,,,,,2479918,2018-02-01,07:11,13248,13251,13247,13249,10,9
"DE000C02MHV3","FESB","SX7E","EU0009658426","EUR",FUT,20180316,,,,,2479921,2018-02-01,07:11,142.1,142.1,142.1,142.1,5,1
"DE000C02MJV9","FSMI","SMI","CH0009980894","CHF",FUT,20180316,,,,,2479954,2018-02-01,07:11,9270,9272,9270,9272,15,6
"DE000C08RE88","OGBL","FGBL","DE0009652644","EUR",OPT,20180223,161,Call,,1,2629968,2018-02-01,07:11,0.08,0.08,0.08,0.08,2,1
"DE000C0NSEN6","FESX","SX5E","EU0009658145","EUR",FUT,20180316,,,,,2258377,2018-02-01,07:12,3622,3622,3621,3622,153,14
"DE000C01YSB9","FBTP",,,"EUR",FUT,20180308,,,,,2468258,2018-02-01,07:12,136.02,136.02,136.02,136.02,23,6
"DE000C01YSC7","FBTS",,,"EUR",FUT,20180308,,,,,2468259,2018-02-01,07:12,113.25,113.25,113.25,113.25,150,1
"DE000C01YSD5","FGBL",,,"EUR",FUT,20180308,,,,,2468260,2018-02-01,07:12,158.66,158.69,158.66,158.68,610,53
"DE000C01YSE3","FGBM",,,"EUR",FUT,20180308,,,,,2468261,2018-02-01,07:12,130.44,130.45,130.44,130.44,993,39
"DE000C01YSF0","FGBS",,,"EUR",FUT,20180308,,,,,2468262,2018-02-01,07:12,111.82,111.82,111.815,111.82,741,7
"DE000C01YSG8","FGBX",,,"EUR",FUT,20180308,,,,,2468263,2018-02-01,07:12,161.32,161.34,161.3,161.34,19,7
"DE000C01YSJ2","FOAT",,,"EUR",FUT,20180308,,,,,2468265,2018-02-01,07:12,152.85,152.86,152.85,152.86,140,28
"DE000C02MHQ3","FDAX","DAX","DE0008469008","EUR",FUT,20180316,,,,,2479916,2018-02-01,07:12,13250.5,13252,13248.5,13250.5,59,46
"DE000C02MHS9","FDXM","DAX","DE0008469008","EUR",FUT,20180316,,,,,2479918,2018-02-01,07:12,13250,13250,13249,13250,10,8
"DE000C02MHV3","FESB","SX7E","EU0009658426","EUR",FUT,20180316,,,,,2479921,2018-02-01,07:12,142.1,142.1,142.1,142.1,1,1
"DE000C02MJV9","FSMI","SMI","CH0009980894","CHF",FUT,20180316,,,,,2479954,2018-02-01,07:12,9272,9273,9272,9273,16,6
"DE000C02MKS3","FXXP","SXXP","EU0009658202","EUR",FUT,20180316,,,,,2479984,2018-02-01,07:12,395.5,395.5,395.5,395.5,2,1
"DE000C05DXP4","FVS","V2TX","DE000A0C3QF1","EUR",FUT,20180321,,,,,2549108,2018-02-01,07:12,14.6,14.6,14.6,14.6,1,1
"DE000C0NSEN6","FESX","SX5E","EU0009658145","EUR",FUT,20180316,,,,,2258377,2018-02-01,07:13,3621,3622,3621,3621,494,7
"DE000C01YSB9","FBTP",,,"EUR",FUT,20180308,,,,,2468258,2018-02-01,07:13,136.03,136.07,136.03,136.05,77,16
"DE000C01YSC7","FBTS",,,"EUR",FUT,20180308,,,,,2468259,2018-02-01,07:13,113.25,113.25,113.25,113.25,177,2
"DE000C01YSD5","FGBL",,,"EUR",FUT,20180308,,,,,2468260,2018-02-01,07:13,158.69,158.69,158.66,158.66,658,47
"DE000C01YSE3","FGBM",,,"EUR",FUT,20180308,,,,,2468261,2018-02-01,07:13,130.45,130.45,130.44,130.44,210,7
"DE000C01YSF0","FGBS",,,"EUR",FUT,20180308,,,,,2468262,2018-02-01,07:13,111.82,111.82,111.82,111.82,3,3
"DE000C01YSG8","FGBX",,,"EUR",FUT,20180308,,,,,2468263,2018-02-01,07:13,161.34,161.34,161.28,161.28,19,8
"DE000C01YSJ2","FOAT",,,"EUR",FUT,20180308,,,,,2468265,2018-02-01,07:13,152.87,152.87,152.86,152.86,80,21
"DE000C02MHQ3","FDAX","DAX","DE0008469008","EUR",FUT,20180316,,,,,2479916,2018-02-01,07:13,13250,13251,13249,13249,57,37
"DE000C02MHS9","FDXM","DAX","DE0008469008","EUR",FUT,20180316,,,,,2479918,2018-02-01,07:13,13250,13250,13249,13249,7,4
"DE000C02MHV3","FESB","SX7E","EU0009658426","EUR",FUT,20180316,,,,,2479921,2018-02-01,07:13,142.1,142.1,142.1,142.1,10,1
"DE000C02MJV9","FSMI","SMI","CH0009980894","CHF",FUT,20180316,,,,,2479954,2018-02-01,07:13,9272,9272,9271,9271,7,3
"DE000C02MKS3","FXXP","SXXP","EU0009658202","EUR",FUT,20180316,,,,,2479984,2018-02-01,07:13,395.4,395.4,395.4,395.4,7,1
"DE000C1A2114","OGBL","FGBL","DE0009652644","EUR",OPT,20180223,157,Put,,1,2658547,2018-02-01,07:13,0.23,0.23,0.23,0.23,150,1
"DE000C0NSEN6","FESX","SX5E","EU0009658145","EUR",FUT,20180316,,,,,2258377,2018-02-01,07:14,3620,3621,3620,3621,216,16
"DE000C01YSB9","FBTP",,,"EUR",FUT,20180308,,,,,2468258,2018-02-01,07:14,136.05,136.06,136.04,136.06,106,23
"DE000C01YSD5","FGBL",,,"EUR",FUT,20180308,,,,,2468260,2018-02-01,07:14,158.66,158.68,158.66,158.67,509,43
"DE000C01YSE3","FGBM",,,"EUR",FUT,20180308,,,,,2468261,2018-02-01,07:14,130.44,130.45,130.44,130.45,276,19
"DE000C01YSF0","FGBS",,,"EUR",FUT,20180308,,,,,2468262,2018-02-01,07:14,111.82,111.82,111.82,111.82,4,4
"DE000C01YSG8","FGBX",,,"EUR",FUT,20180308,,,,,2468263,2018-02-01,07:14,161.28,161.28,161.28,161.28,4,1
"DE000C01YSJ2","FOAT",,,"EUR",FUT,20180308,,,,,2468265,2018-02-01,07:14,152.86,152.88,152.86,152.88,30,10
"DE000C02MHQ3","FDAX","DAX","DE0008469008","EUR",FUT,20180316,,,,,2479916,2018-02-01,07:14,13249,13250.5,13248,13249.5,56,41
"DE000C02MHS9","FDXM","DAX","DE0008469008","EUR",FUT,20180316,,,,,2479918,2018-02-01,07:14,13248,13250,13248,13249,10,9
"DE000C02MHV3","FESB","SX7E","EU0009658426","EUR",FUT,20180316,,,,,2479921,2018-02-01,07:14,142.1,142.1,142.1,142.1,44,4
"DE000C02MJV9","FSMI","SMI","CH0009980894","CHF",FUT,20180316,,,,,2479954,2018-02-01,07:14,9270,9270,9269,9269,5,5
"DE000C0NSEN6","FESX","SX5E","EU0009658145","EUR",FUT,20180316,,,,,2258377,2018-02-01,07:15,3622,3622,3621,3621,100,31
"DE000C01YS98","FBON",,,"EUR",FUT,20180308,,,,,2468256,2018-02-01,07:15,145.44,145.44,145.44,145.44,2,1
"DE000C01YSB9","FBTP",,,"EUR",FUT,20180308,,,,,2468258,2018-02-01,07:15,136.06,136.08,136.04,136.08,48,17
"DE000C01YSC7","FBTS",,,"EUR",FUT,20180308,,,,,2468259,2018-02-01,07:15,113.25,113.25,113.25,113.25,20,2
"DE000C01YSD5","FGBL",,,"EUR",FUT,20180308,,,,,2468260,2018-02-01,07:15,158.68,158.7,158.66,158.7,807,81
"DE000C01YSE3","FGBM",,,"EUR",FUT,20180308,,,,,2468261,2018-02-01,07:15,130.45,130.45,130.44,130.44,406,21
"DE000C01YSF0","FGBS",,,"EUR",FUT,20180308,,,,,2468262,2018-02-01,07:15,111.82,111.82,111.82,111.82,12,12
"DE000C01YSG8","FGBX",,,"EUR",FUT,20180308,,,,,2468263,2018-02-01,07:15,161.32,161.34,161.28,161.34,25,15
"DE000C01YSJ2","FOAT",,,"EUR",FUT,20180308,,,,,2468265,2018-02-01,07:15,152.88,152.89,152.86,152.89,51,17
"DE000C02MHQ3","FDAX","DAX","DE0008469008","EUR",FUT,20180316,,,,,2479916,2018-02-01,07:15,13250.5,13252.5,13250.5,13251,52,31
"DE000C02MHS9","FDXM","DAX","DE0008469008","EUR",FUT,20180316,,,,,2479918,2018-02-01,07:15,13250,13252,13250,13252,12,5
"DE000C02MHV3","FESB","SX7E","EU0009658426","EUR",FUT,20180316,,,,,2479921,2018-02-01,07:15,142.1,142.1,142.1,142.1,32,5
"DE000C02MJV9","FSMI","SMI","CH0009980894","CHF",FUT,20180316,,,,,2479954,2018-02-01,07:15,9270,9272,9270,9271,5,4
"DE000C08RE05","OGBL","FGBL","DE0009652644","EUR",OPT,20180223,159,Call,,1,2629960,2018-02-01,07:15,0.57,0.57,0.57,0.57,1,1
"DE000C08REG7","OGBL","FGBL","DE0009652644","EUR",OPT,20180223,163,Call,,1,2629976,2018-02-01,07:15,0.02,0.02,0.02,0.02,27,1
"DE000C0NSEN6","FESX","SX5E","EU0009658145","EUR",FUT,20180316,,,,,2258377,2018-02-01,07:16,3622,3622,3621,3621,347,26
"DE000C01YS98","FBON",,,"EUR",FUT,20180308,,,,,2468256,2018-02-01,07:16,145.46,145.46,145.46,145.46,2,1
"DE000C01YSB9","FBTP",,,"EUR",FUT,20180308,,,,,2468258,2018-02-01,07:16,136.09,136.16,136.08,136.12,521,95
"DE000C01YSC7","FBTS",,,"EUR",FUT,20180308,,,,,2468259,2018-02-01,07:16,113.25,113.25,113.25,113.25,517,8
"DE000C01YSD5","FGBL",,,"EUR",FUT,20180308,,,,,2468260,2018-02-01,07:16,158.7,158.72,158.69,158.7,1034,138
"DE000C01YSE3","FGBM",,,"EUR",FUT,20180308,,,,,2468261,2018-02-01,07:16,130.45,130.46,130.45,130.45,792,19
"DE000C01YSF0","FGBS",,,"EUR",FUT,20180308,,,,,2468262,2018-02-01,07:16,111.82,111.82,111.82,111.82,1992,9
"DE000C01YSG8","FGBX",,,"EUR",FUT,20180308,,,,,2468263,2018-02-01,07:16,161.36,161.38,161.36,161.36,21,9
"DE000C01YSJ2","FOAT",,,"EUR",FUT,20180308,,,,,2468265,2018-02-01,07:16,152.9,152.93,152.9,152.9,239,56
"DE000C02MHQ3","FDAX","DAX","DE0008469008","EUR",FUT,20180316,,,,,2479916,2018-02-01,07:16,13251,13252,13250.5,13251,41,25
"DE000C02MHS9","FDXM","DAX","DE0008469008","EUR",FUT,20180316,,,,,2479918,2018-02-01,07:16,13250,13251,13250,13251,3,2
"DE000C02MHV3","FESB","SX7E","EU0009658426","EUR",FUT,20180316,,,,,2479921,2018-02-01,07:16,142.2,142.2,142.2,142.2,100,1
"DE000C02MJV9","FSMI","SMI","CH0009980894","CHF",FUT,20180316,,,,,2479954,2018-02-01,07:16,9270,9270,9270,9270,1,1
"DE000C08RE21","OGBL","FGBL","DE0009652644","EUR",OPT,20180223,159.5,Call,,1,2629962,2018-02-01,07:16,0.37,0.37,0.37,0.37,1,1
"DE000C08RE47","OGBL","FGBL","DE0009652644","EUR",OPT,20180223,160,Call,,1,2629964,2018-02-01,07:16,0.23,0.23,0.23,0.23,1,1
"DE000C0NSEN6","FESX","SX5E","EU0009658145","EUR",FUT,20180316,,,,,2258377,2018-02-01,07:17,3621,3623,3620,3623,768,59
"DE000C01YSB9","FBTP",,,"EUR",FUT,20180308,,,,,2468258,2018-02-01,07:17,136.12,136.12,136.1,136.1,127,22
"DE000C01YSC7","FBTS",,,"EUR",FUT,20180308,,,,,2468259,2018-02-01,07:17,113.25,113.25,113.25,113.25,1,1
"DE000C01YSD5","FGBL",,,"EUR",FUT,20180308,,,,,2468260,2018-02-01,07:17,158.69,158.71,158.69,158.71,654,60
"DE000C01YSE3","FGBM",,,"EUR",FUT,20180308,,,,,2468261,2018-02-01,07:17,130.45,130.46,130.44,130.45,1305,13
"DE000C01YSF0","FGBS",,,"EUR",FUT,20180308,,,,,2468262,2018-02-01,07:17,111.82,111.82,111.82,111.82,1314,28
"DE000C01YSG8","FGBX",,,"EUR",FUT,20180308,,,,,2468263,2018-02-01,07:17,161.36,161.36,161.34,161.36,16,6
"DE000C01YSJ2","FOAT",,,"EUR",FUT,20180308,,,,,2468265,2018-02-01,07:17,152.91,152.91,152.9,152.91,51,10
"DE000C02MHQ3","FDAX","DAX","DE0008469008","EUR",FUT,20180316,,,,,2479916,2018-02-01,07:17,13250.5,13253,13248.5,13253,105,59
"DE000C02MHS9","FDXM","DAX","DE0008469008","EUR",FUT,20180316,,,,,2479918,2018-02-01,07:17,13250,13252,13249,13252,19,12
"DE000C02MHV3","FESB","SX7E","EU0009658426","EUR",FUT,20180316,,,,,2479921,2018-02-01,07:17,142.1,142.1,142.1,142.1,5,1
"DE000C02MJV9","FSMI","SMI","CH0009980894","CHF",FUT,20180316,,,,,2479954,2018-02-01,07:17,9271,9273,9271,9273,36,8
"DE000C08RE05","OGBL","FGBL","DE0009652644","EUR",OPT,20180223,159,Call,,1,2629960,2018-02-01,07:17,0.57,0.57,0.57,0.57,37,1
"DE000C0NSEN6","FESX","SX5E","EU0009658145","EUR",FUT,20180316,,,,,2258377,2018-02-01,07:18,3622,3622,3622,3622,174,14
"DE000C01YSB9","FBTP",,,"EUR",FUT,20180308,,,,,2468258,2018-02-01,07:18,136.1,136.1,136.09,136.09,46,10
"DE000C01YSC7","FBTS",,,"EUR",FUT,20180308,,,,,2468259,2018-02-01,07:18,113.25,113.25,113.25,113.25,121,1
"DE000C01YSD5","FGBL",,,"EUR",FUT,20180308,,,,,2468260,2018-02-01,07:18,158.71,158.71,158.69,158.7,572,42
"DE000C01YSE3","FGBM",,,"EUR",FUT,20180308,,,,,2468261,2018-02-01,07:18,130.45,130.45,130.45,130.45,318,6
"DE000C01YSF0","FGBS",,,"EUR",FUT,20180308,,,,,2468262,2018-02-01,07:18,111.82,111.82,111.82,111.82,830,20
"DE000C01YSG8","FGBX",,,"EUR",FUT,20180308,,,,,2468263,2018-02-01,07:18,161.36,161.36,161.34,161.36,31,9
"DE000C01YSJ2","FOAT",,,"EUR",FUT,20180308,,,,,2468265,2018-02-01,07:18,152.91,152.91,152.89,152.89,43,18
"DE000C02MHQ3","FDAX","DAX","DE0008469008","EUR",FUT,20180316,,,,,2479916,2018-02-01,07:18,13253.5,13256,13251.5,13251.5,112,65
"DE000C02MHS9","FDXM","DAX","DE0008469008","EUR",FUT,20180316,,,,,2479918,2018-02-01,07:18,13254,13255,13251,13251,12,9
"DE000C02MHV3","FESB","SX7E","EU0009658426","EUR",FUT,20180316,,,,,2479921,2018-02-01,07:18,142.2,142.3,142.2,142.2,84,5
"DE000C02MJV9","FSMI","SMI","CH0009980894","CHF",FUT,20180316,,,,,2479954,2018-02-01,07:18,9273,9273,9273,9273,4,3
"DE000C03JBH9","FVS","V2TX","DE000A0C3QF1","EUR",FUT,20180214,,,,,2509649,2018-02-01,07:18,15.2,15.2,15.2,15.2,20,2
"DE000C0NSEN6","FESX","SX5E","EU0009658145","EUR",FUT,20180316,,,,,2258377,2018-02-01,07:19,3622,3622,3621,3622,320,21
"DE000C01YSB9","FBTP",,,"EUR",FUT,20180308,,,,,2468258,2018-02-01,07:19,136.1,136.12,136.07,136.07,108,13
"DE000C01YSD5","FGBL",,,"EUR",FUT,20180308,,,,,2468260,2018-02-01,07:19,158.7,158.71,158.66,158.66,795,38
"DE000C01YSE3","FGBM",,,"EUR",FUT,20180308,,,,,2468261,2018-02-01,07:19,130.45,130.45,130.44,130.44,373,13
"DE000C01YSF0","FGBS",,,"EUR",FUT,20180308,,,,,2468262,2018-02-01,07:19,111.82,111.82,111.82,111.82,1096,22
"DE000C01YSG8","FGBX",,,"EUR",FUT,20180308,,,,,2468263,2018-02-01,07:19,161.36,161.38,161.28,161.28,41,18
"DE000C01YSJ2","FOAT",,,"EUR",FUT,20180308,,,,,2468265,2018-02-01,07:19,152.9,152.91,152.87,152.87,92,16
"DE000C02MHQ3","FDAX","DAX","DE0008469008","EUR",FUT,20180316,,,,,2479916,2018-02-01,07:19,13252,13253.5,13249,13250.5,38,29
"DE000C02MHS9","FDXM","DAX","DE0008469008","EUR",FUT,20180316,,,,,2479918,2018-02-01,07:19,13252,13253,13249,13249,14,10
"DE000C02MHV3","FESB","SX7E","EU0009658426","EUR",FUT,20180316,,,,,2479921,2018-02-01,07:19,142.2,142.2,142.2,142.2,10,1
"DE000C02MJV9","FSMI","SMI","CH0009980894","CHF",FUT,20180316,,,,,2479954,2018-02-01,07:19,9273,9273,9272,9272,7,5
"DE000C02MKS3","FXXP","SXXP","EU0009658202","EUR",FUT,20180316,,,,,2479984,2018-02-01,07:19,395.5,395.5,395.5,395.5,1,1
"DE000C08RE21","OGBL","FGBL","DE0009652644","EUR",OPT,20180223,159.5,Call,,1,2629962,2018-02-01,07:19,0.37,0.37,0.37,0.37,100,3
"DE000C1A2114","OGBL","FGBL","DE0009652644","EUR",OPT,20180223,157,Put,,1,2658547,2018-02-01,07:19,0.22,0.22,0.22,0.22,10,1
"DE000C1AV3H2","FSMI","SMI","CH0009980894","CHF",MLEG,,,,"FSMI.S.MAR18.JUN18",,72060845328171046,2018-02-01,07:19,163,163,163,163,105,1
"DE000C0NSEN6","FESX","SX5E","EU0009658145","EUR",FUT,20180316,,,,,2258377,2018-02-01,07:20,3622,3622,3621,3621,250,37
"DE000C01YSB9","FBTP",,,"EUR",FUT,20180308,,,,,2468258,2018-02-01,07:20,136.07,136.09,136.05,136.08,59,14
"DE000C01YSD5","FGBL",,,"EUR",FUT,20180308,,,,,2468260,2018-02-01,07:20,158.67,158.7,158.64,158.69,1164,73
"DE000C01YSE3","FGBM",,,"EUR",FUT,20180308,,,,,2468261,2018-02-01,07:20,130.44,130.44,130.44,130.44,374,11
"DE000C01YSF0","FGBS",,,"EUR",FUT,20180308,,,,,2468262,2018-02-01,07:20,111.82,111.82,111.82,111.82,7,3
"DE000C01YSG8","FGBX",,,"EUR",FUT,20180308,,,,,2468263,2018-02-01,07:20,161.26,161.32,161.26,161.32,25,9
"DE000C01YSJ2","FOAT",,,"EUR",FUT,20180308,,,,,2468265,2018-02-01,07:20,152.87,152.89,152.87,152.89,119,22
"DE000C02MHQ3","FDAX","DAX","DE0008469008","EUR",FUT,20180316,,,,,2479916,2018-02-01,07:20,13250.5,13252.5,13250,13252,107,55
"DE000C02MHS9","FDXM","DAX","DE0008469008","EUR",FUT,20180316,,,,,2479918,2018-02-01,07:20,13251,13252,13250,13251,11,10
"DE000C02MHV3","FESB","SX7E","EU0009658426","EUR",FUT,20180316,,,,,2479921,2018-02-01,07:20,142.3,142.3,142.3,142.3,121,5
"DE000C02MJV9","FSMI","SMI","CH0009980894","CHF",FUT,20180316,,,,,2479954,2018-02-01,07:20,9272,9278,9272,9275,65,18
"DE000C02MKS3","FXXP","SXXP","EU0009658202","EUR",FUT,20180316,,,,,2479984,2018-02-01,07:20,395.5,395.5,395.5,395.5,40,3
"DE000C08RDX4","OGBL","FGBL","DE0009652644","EUR",OPT,20180223,158,Put,,1,2629957,2018-02-01,07:20,0.47,0.47,0.47,0.47,100,1
"DE000C08RE47","OGBL","FGBL","DE0009652644","EUR",OPT,20180223,160,Call,,1,2629964,2018-02-01,07:20,0.22,0.22,0.22,0.22,100,2
"DE000C0NSEN6","FESX","SX5E","EU0009658145","EUR",FUT,20180316,,,,,2258377,2018-02-01,07:21,3621,3622,3621,3622,545,44
"DE000C0NSEP1","FESX","SX5E","EU0009658145","EUR",FUT,20180615,,,,,2258378,2018-02-01,07:21,3538,3538,3538,3538,1,1
"DE000C01YSB9","FBTP",,,"EUR",FUT,20180308,,,,,2468258,2018-02-01,07:21,136.08,136.09,136.07,136.07,46,12
"DE000C01YSD5","FGBL",,,"EUR",FUT,20180308,,,,,2468260,2018-02-01,07:21,158.69,158.69,158.68,158.68,352,23
"DE000C01YSE3","FGBM",,,"EUR",FUT,20180308,,,,,2468261,2018-02-01,07:21,130.45,130.45,130.44,130.44,49,2
"DE000C01YSG8","FGBX",,,"EUR",FUT,20180308,,,,,2468263,2018-02-01,07:21,161.32,161.32,161.3,161.3,11,4
"DE000C01YSJ2","FOAT",,,"EUR",FUT,20180308,,,,,2468265,2018-02-01,07:21,152.9,152.9,152.89,152.89,100,16
"DE000C02MHQ3","FDAX","DAX","DE0008469008","EUR",FUT,20180316,,,,,2479916,2018-02-01,07:21,13251.5,13255,13251,13252,99,64
"DE000C02MHS9","FDXM","DAX","DE0008469008","EUR",FUT,20180316,,,,,2479918,2018-02-01,07:21,13251,13253,13251,13252,8,8
"DE000C02MHV3","FESB","SX7E","EU0009658426","EUR",FUT,20180316,,,,,2479921,2018-02-01,07:21,142.4,142.4,142.4,142.4,509,9
"DE000C02MJV9","FSMI","SMI","CH0009980894","CHF",FUT,20180316,,,,,2479954,2018-02-01,07:21,9274,9275,9274,9275,6,2
"DE000C02MKS3","FXXP","SXXP","EU0009658202","EUR",FUT,20180316,,,,,2479984,2018-02-01,07:21,395.5,395.5,395.5,395.5,4,1
"DE000C03JBH9","FVS","V2TX","DE000A0C3QF1","EUR",FUT,20180214,,,,,2509649,2018-02-01,07:21,15.2,15.2,15.2,15.2,10,1
"DE000C05DXP4","FVS","V2TX","DE000A0C3QF1","EUR",FUT,20180321,,,,,2549108,2018-02-01,07:21,14.65,14.65,14.65,14.65,10,1
"DE000C08RDZ9","OGBL","FGBL","DE0009652644","EUR",OPT,20180223,158.5,Put,,1,2629959,2018-02-01,07:21,0.64,0.64,0.64,0.64,200,3
"DE000C1AV3B5","FESX","SX5E","EU0009658145","EUR",MLEG,,,,"FESX.S.MAR18.JUN18",,72060493140852805,2018-02-01,07:21,84,84,84,84,1,1
"DE000C0NSEN6","FESX","SX5E","EU0009658145","EUR",FUT,20180316,,,,,2258377,2018-02-01,07:22,3621,3622,3620,3620,985,23
"DE000C01YSB9","FBTP",,,"EUR",FUT,20180308,,,,,2468258,2018-02-01,07:22,136.07,136.07,136.05,136.06,30,17
"DE000C01YSD5","FGBL",,,"EUR",FUT,20180308,,,,,2468260,2018-02-01,07:22,158.69,158.69,158.67,158.69,231,35
"DE000C01YSE3","FGBM",,,"EUR",FUT,20180308,,,,,2468261,2018-02-01,07:22,130.45,130.45,130.44,130.45,80,4
"DE000C01YSG8","FGBX",,,"EUR",FUT,20180308,,,,,2468263,2018-02-01,07:22,161.28,161.3,161.28,161.3,10,8
"DE000C01YSJ2","FOAT",,,"EUR",FUT,20180308,,,,,2468265,2018-02-01,07:22,152.89,152.89,152.89,152.89,13,4
"DE000C02MHQ3","FDAX","DAX","DE0008469008","EUR",FUT,20180316,,,,,2479916,2018-02-01,07:22,13251.5,13251.5,13248.5,13249,60,41
"DE000C02MHS9","FDXM","DAX","DE0008469008","EUR",FUT,20180316,,,,,2479918,2018-02-01,07:22,13251,13251,13249,13249,5,4
"DE000C02MHV3","FESB","SX7E","EU0009658426","EUR",FUT,20180316,,,,,2479921,2018-02-01,07:22,142.3,142.3,142.2,142.2,178,12
"DE000C02MKS3","FXXP","SXXP","EU0009658202","EUR",FUT,20180316,,,,,2479984,2018-02-01,07:22,395.4,395.4,395.4,395.4,13,1
"DE000C05DXP4","FVS","V2TX","DE000A0C3QF1","EUR",FUT,20180321,,,,,2549108,2018-02-01,07:22,14.65,14.7,14.65,14.65,10,2
"DE000C1A15X6","FDAX","DAX","DE0008469008","EUR",FUT,20180615,,,,,2657557,2018-02-01,07:22,13272,13272,13272,13272,2,1
"DE000C1AV3D1","FDAX","DAX","DE0008469008","EUR",MLEG,,,,"FDAX.S.MAR18.JUN18",,72060123773665318,2018-02-01,07:22,-22,-22,-22,-22,2,1
"DE000C0NSEN6","FESX","SX5E","EU0009658145","EUR",FUT,20180316,,,,,2258377,2018-02-01,07:23,3621,3621,3621,3621,138,14
"DE000C01YSB9","FBTP",,,"EUR",FUT,20180308,,,,,2468258,2018-02-01,07:23,136.06,136.07,136.06,136.06,41,14
"DE000C01YSD5","FGBL",,,"EUR",FUT,20180308,,,,,2468260,2018-02-01,07:23,158.69,158.69,158.66,158.66,385,49
"DE000C01YSE3","FGBM",,,"EUR",FUT,20180308,,,,,2468261,2018-02-01,07:23,130.44,130.45,130.44,130.44,414,26
"DE000C01YSG8","FGBX",,,"EUR",FUT,20180308,,,,,2468263,2018-02-01,07:23,161.3,161.3,161.22,161.22,44,17
"DE000C01YSJ2","FOAT",,,"EUR",FUT,20180308,,,,,2468265,2018-02-01,07:23,152.89,152.89,152.87,152.88,61,11
"DE000C02MHQ3","FDAX","DAX","DE0008469008","EUR",FUT,20180316,,,,,2479916,2018-02-01,07:23,13249.5,13250,13248.5,13249.5,28,15
"DE000C02MHS9","FDXM","DAX","DE0008469008","EUR",FUT,20180316,,,,,2479918,2018-02-01,07:23,13248,13250,13248,13249,11,9
"DE000C02MJV9","FSMI","SMI","CH0009980894","CHF",FUT,20180316,,,,,2479954,2018-02-01,07:23,9274,9274,9274,9274,2,1
"DE000C09L5G1","FGBL",,,"EUR",FUT,20180607,,,,,2646191,2018-02-01,07:23,156.01,156.01,156.01,156.01,2,1
"DE000C09PZ43","FGBL",,,"EUR",MLEG,,,,"FGBL.S.MAR18.JUN18",,72060548975427620,2018-02-01,07:23,2.66,2.66,2.66,2.66,2,1
"DE000C0NSEN6","FESX","SX5E","EU0009658145","EUR",FUT,20180316,,,,,2258377,2018-02-01,07:24,3621,3621,3620,3621,211,7
"DE000C01YSB9","FBTP",,,"EUR",FUT,20180308,,,,,2468258,2018-02-01,07:24,136.07,136.08,136.05,136.06,58,25
"DE000C01YSD5","FGBL",,,"EUR",FUT,20180308,,,,,2468260,2018-02-01,07:24,158.67,158.68,158.66,158.67,400,88
"DE000C01YSE3","FGBM",,,"EUR",FUT,20180308,,,,,2468261,2018-02-01,07:24,130.45,130.45,130.44,130.45,366,38
"DE000C01YSF0","FGBS",,,"EUR",FUT,20180308,,,,,2468262,2018-02-01,07:24,111.82,111.82,111.82,111.82,13,4
"DE000C01YSG8","FGBX",,,"EUR",FUT,20180308,,,,,2468263,2018-02-01,07:24,161.2,161.22,161.2,161.2,97,44
"DE000C01YSJ2","FOAT",,,"EUR",FUT,20180308,,,,,2468265,2018-02-01,07:24,152.88,152.88,152.87,152.87,153,61
"DE000C02MHQ3","FDAX","DAX","DE0008469008","EUR",FUT,20180316,,,,,2479916,2018-02-01,07:24,13249,13250.5,13248.5,13249.5,25,17
"DE000C02MHS9","FDXM","DAX","DE0008469008","EUR",FUT,20180316,,,,,2479918,2018-02-01,07:24,13249,13250,13248,13249,19,11
"DE000C03JBH9","FVS","V2TX","DE000A0C3QF1","EUR",FUT,20180214,,,,,2509649,2018-02-01,07:24,15.2,15.2,15.15,15.2,10,2
"DE000C1AV3D1","FDAX","DAX","DE0008469008","EUR",MLEG,,,,"FDAX.S.MAR18.JUN18",,72060123773665318,2018-02-01,07:24,-21.5,-21.5,-21.5,-21.5,2,1
"DE000C1AV3H2","FSMI","SMI","CH0009980894","CHF",MLEG,,,,"FSMI.S.MAR18.JUN18",,72060845328171046,2018-02-01,07:24,163,163,163,163,95,1
"DE000C0NSEN6","FESX","SX5E","EU0009658145","EUR",FUT,20180316,,,,,2258377,2018-02-01,07:25,3621,3622,3620,3620,1313,48
"DE000C01YSB9","FBTP",,,"EUR",FUT,20180308,,,,,2468258,2018-02-01,07:25,136.07,136.08,136.07,136.07,52,19
"DE000C01YSD5","FGBL",,,"EUR",FUT,20180308,,,,,2468260,2018-02-01,07:25,158.67,158.68,158.65,158.66,1019,105
"DE000C01YSE3","FGBM",,,"EUR",FUT,20180308,,,,,2468261,2018-02-01,07:25,130.45,130.45,130.43,130.43,1428,22
"DE000C01YSF0","FGBS",,,"EUR",FUT,20180308,,,,,2468262,2018-02-01,07:25,111.82,111.82,111.82,111.82,3,3
"DE000C01YSG8","FGBX",,,"EUR",FUT,20180308,,,,,2468263,2018-02-01,07:25,161.22,161.24,161.2,161.24,125,38
"DE000C01YSJ2","FOAT",,,"EUR",FUT,20180308,,,,,2468265,2018-02-01,07:25,152.88,152.89,152.87,152.87,189,54
"DE000C02MHQ3","FDAX","DAX","DE0008469008","EUR",FUT,20180316,,,,,2479916,2018-02-01,07:25,13249.5,13252.5,13247,13249.5,101,53
"DE000C02MHS9","FDXM","DAX","DE0008469008","EUR",FUT,20180316,,,,,2479918,2018-02-01,07:25,13250,13252,13248,13249,26,15
"DE000C02MJV9","FSMI","SMI","CH0009980894","CHF",FUT,20180316,,,,,2479954,2018-02-01,07:25,9275,9275,9274,9274,3,2
"DE000C02MKS3","FXXP","SXXP","EU0009658202","EUR",FUT,20180316,,,,,2479984,2018-02-01,07:25,395.4,395.4,395.4,395.4,4,1
"DE000C08REA0","OGBL","FGBL","DE0009652644","EUR",OPT,20180223,161.5,Call,,1,2629970,2018-02-01,07:25,0.05,0.05,0.05,0.05,250,2
"DE000C09L5G1","FGBL",,,"EUR",FUT,20180607,,,,,2646191,2018-02-01,07:25,156,156,156,156,50,1
"DE000C1LCUT5","OGBL","FGBL","DE0009652644","EUR",OPT,20180323,156,Call,,1,2886884,2018-02-01,07:25,1.1,1.1,1.1,1.1,15,1
"DE000C09PZ43","FGBL",,,"EUR",MLEG,,,,"FGBL.S.MAR18.JUN18",,72060548975427620,2018-02-01,07:25,2.66,2.66,2.66,2.66,50,1
"DE000C0NSEN6","FESX","SX5E","EU0009658145","EUR",FUT,20180316,,,,,2258377,2018-02-01,07:26,3621,3621,3620,3620,74,23
"DE000C01YSB9","FBTP",,,"EUR",FUT,20180308,,,,,2468258,2018-02-01,07:26,136.08,136.09,136.06,136.07,101,14
"DE000C01YSD5","FGBL",,,"EUR",FUT,20180308,,,,,2468260,2018-02-01,07:26,158.66,158.68,158.65,158.66,900,92
"DE000C01YSE3","FGBM",,,"EUR",FUT,20180308,,,,,2468261,2018-02-01,07:26,130.44,130.44,130.43,130.43,517,13
"DE000C01YSF0","FGBS",,,"EUR",FUT,20180308,,,,,2468262,2018-02-01,07:26,111.82,111.82,111.82,111.82,10,10
"DE000C01YSG8","FGBX",,,"EUR",FUT,20180308,,,,,2468263,2018-02-01,07:26,161.26,161.28,161.26,161.28,64,17
"DE000C01YSJ2","FOAT",,,"EUR",FUT,20180308,,,,,2468265,2018-02-01,07:26,152.88,152.9,152.85,152.86,255,52
"DE000C02MHQ3","FDAX","DAX","DE0008469008","EUR",FUT,20180316,,,,,2479916,2018-02-01,07:26,13249.5,13250.5,13249,13249,17,11
"DE000C02MHS9","FDXM","DAX","DE0008469008","EUR",FUT,20180316,,,,,2479918,2018-02-01,07:26,13249,13249,13249,13249,5,3
"DE000C02MJV9","FSMI","SMI","CH0009980894","CHF",FUT,20180316,,,,,2479954,2018-02-01,07:26,9274,9274,9274,9274,1,1
"DE000C0NSEN6","FESX","SX5E","EU0009658145","EUR",FUT,20180316,,,,,2258377,2018-02-01,07:27,3620,3621,3620,3621,180,29
"DE000C01YSB9","FBTP",,,"EUR",FUT,20180308,,,,,2468258,2018-02-01,07:27,136.06,136.07,136.03,136.03,111,20
"DE000C01YSC7","FBTS",,,"EUR",FUT,20180308,,,,,2468259,2018-02-01,07:27,113.25,113.25,113.25,113.25,334,2
"DE000C01YSD5","FGBL",,,"EUR",FUT,20180308,,,,,2468260,2018-02-01,07:27,158.66,158.66,158.64,158.65,759,33
"DE000C01YSE3","FGBM",,,"EUR",FUT,20180308,,,,,2468261,2018-02-01,07:27,130.44,130.44,130.43,130.43,46,2
"DE000C01YSF0","FGBS",,,"EUR",FUT,20180308,,,,,2468262,2018-02-01,07:27,111.815,111.82,111.815,111.82,7,6
"DE000C01YSG8","FGBX",,,"EUR",FUT,20180308,,,,,2468263,2018-02-01,07:27,161.26,161.28,161.22,161.22,31,10
"DE000C01YSJ2","FOAT",,,"EUR",FUT,20180308,,,,,2468265,2018-02-01,07:27,152.86,152.87,152.84,152.84,225,35
"DE000C02MHQ3","FDAX","DAX","DE0008469008","EUR",FUT,20180316,,,,,2479916,2018-02-01,07:27,13249,13249,13248,13248,22,18
"DE000C02MHS9","FDXM","DAX","DE0008469008","EUR",FUT,20180316,,,,,2479918,2018-02-01,07:27,13248,13248,13247,13247,5,4
"DE000C08RFF6","OGBM","FGBM","DE0009652651","EUR",OPT,20180223,131.5,Put,,1,2630009,2018-02-01,07:27,1.075,1.075,1.075,1.075,73,1
"DE000C0NSEN6","FESX","SX5E","EU0009658145","EUR",FUT,20180316,,,,,2258377,2018-02-01,07:28,3621,3621,3619,3619,782,25
"DE000C01YSB9","FBTP",,,"EUR",FUT,20180308,,,,,2468258,2018-02-01,07:28,136.04,136.04,136.02,136.02,22,6
"DE000C01YSD5","FGBL",,,"EUR",FUT,20180308,,,,,2468260,2018-02-01,07:28,158.65,158.65,158.61,158.61,839,40
"DE000C01YSE3","FGBM",,,"EUR",FUT,20180308,,,,,2468261,2018-02-01,07:28,130.43,130.43,130.41,130.41,1782,43
"DE000C01YSF0","FGBS",,,"EUR",FUT,20180308,,,,,2468262,2018-02-01,07:28,111.815,111.815,111.815,111.815,4109,19
"DE000C01YSG8","FGBX",,,"EUR",FUT,20180308,,,,,2468263,2018-02-01,07:28,161.22,161.22,161.16,161.16,47,19
"DE000C01YSJ2","FOAT",,,"EUR",FUT,20180308,,,,,2468265,2018-02-01,07:28,152.84,152.84,152.81,152.81,73,27
"DE000C02MHQ3","FDAX","DAX","DE0008469008","EUR",FUT,20180316,,,,,2479916,2018-02-01,07:28,13247.5,13247.5,13243.5,13243.5,102,72
"DE000C02MHS9","FDXM","DAX","DE0008469008","EUR",FUT,20180316,,,,,2479918,2018-02-01,07:28,13247,13247,13243,13243,28,18
"DE000C02MHV3","FESB","SX7E","EU0009658426","EUR",FUT,20180316,,,,,2479921,2018-02-01,07:28,142.1,142.1,142.1,142.1,74,8
"DE000C02MJV9","FSMI","SMI","CH0009980894","CHF",FUT,20180316,,,,,2479954,2018-02-01,07:28,9272,9272,9268,9268,12,7
"DE000C02MKS3","FXXP","SXXP","EU0009658202","EUR",FUT,20180316,,,,,2479984,2018-02-01,07:28,395.4,395.4,395.3,395.3,26,3
"DE000C03JBH9","FVS","V2TX","DE000A0C3QF1","EUR",FUT,20180214,,,,,2509649,2018-02-01,07:28,15.1,15.15,15.1,15.15,59,4
"DE000C08RE62","OGBL","FGBL","DE0009652644","EUR",OPT,20180223,160.5,Call,,1,2629966,2018-02-01,07:28,0.13,0.13,0.13,0.13,138,2
"DE000C1A2114","OGBL","FGBL","DE0009652644","EUR",OPT,20180223,157,Put,,1,2658547,2018-02-01,07:28,0.23,0.23,0.23,0.23,8,1
"DE000C1AV3B5","FESX","SX5E","EU0009658145","EUR",MLEG,,,,"FESX.S.MAR18.JUN18",,72060493140852805,2018-02-01,07:28,84,84,84,84,100,1
"DE000C0NSEN6","FESX","SX5E","EU0009658145","EUR",FUT,20180316,,,,,2258377,2018-02-01,07:29,3619,3620,3618,3618,1080,49
"DE000C01YS98","FBON",,,"EUR",FUT,20180308,,,,,2468256,2018-02-01,07:29,145.4,145.4,145.4,145.4,4,2
"DE000C01YSB9","FBTP",,,"EUR",FUT,20180308,,,,,2468258,2018-02-01,07:29,136.02,136.02,136.01,136.01,51,13
"DE000C01YSD5","FGBL",,,"EUR",FUT,20180308,,,,,2468260,2018-02-01,07:29,158.61,158.62,158.59,158.6,1251,76
"DE000C01YSE3","FGBM",,,"EUR",FUT,20180308,,,,,2468261,2018-02-01,07:29,130.42,130.42,130.41,130.42,495,26
"DE000C01YSF0","FGBS",,,"EUR",FUT,20180308,,,,,2468262,2018-02-01,07:29,111.815,111.815,111.81,111.815,834,32
"DE000C01YSG8","FGBX",,,"EUR",FUT,20180308,,,,,2468263,2018-02-01,07:29,161.16,161.16,161.14,161.16,16,6
"DE000C01YSJ2","FOAT",,,"EUR",FUT,20180308,,,,,2468265,2018-02-01,07:29,152.82,152.82,152.8,152.81,126,26
"DE000C02MHQ3","FDAX","DAX","DE0008469008","EUR",FUT,20180316,,,,,2479916,2018-02-01,07:29,13244,13246.5,13241,13241.5,116,87
"DE000C02MHS9","FDXM","DAX","DE0008469008","EUR",FUT,20180316,,,,,2479918,2018-02-01,07:29,13244,13246,13241,13242,27,19
"DE000C02MHV3","FESB","SX7E","EU0009658426","EUR",FUT,20180316,,,,,2479921,2018-02-01,07:29,142.1,142.1,142.1,142.1,38,4
"DE000C02MJV9","FSMI","SMI","CH0009980894","CHF",FUT,20180316,,,,,2479954,2018-02-01,07:29,9268,9268,9267,9267,2,2
"DE000C02MKS3","FXXP","SXXP","EU0009658202","EUR",FUT,20180316,,,,,2479984,2018-02-01,07:29,395.3,395.3,395.2,395.2,24,2
"DE000C08RE05","OGBL","FGBL","DE0009652644","EUR",OPT,20180223,159,Call,,1,2629960,2018-02-01,07:29,0.54,0.54,0.54,0.54,1,1
"DE000C08RE47","OGBL","FGBL","DE0009652644","EUR",OPT,20180223,160,Call,,1,2629964,2018-02-01,07:29,0.21,0.21,0.21,0.21,2,1
"DE000C1A2114","OGBL","FGBL","DE0009652644","EUR",OPT,20180223,157,Put,,1,2658547,2018-02-01,07:29,0.24,0.24,0.24,0.24,500,13
"DE000C1B45G6","FVS","V2TX","DE000A0C3QF1","EUR",FUT,20180516,,,,,2685949,2018-02-01,07:29,16.5,16.5,16.5,16.5,1,1
"DE000C1C4S56","OGBL","FGBL","DE0009652644","EUR",OPT,20180223,156.5,Put,,1,2707135,2018-02-01,07:29,0.16,0.16,0.16,0.16,38,1
"DE000C0NSEN6","FESX","SX5E","EU0009658145","EUR",FUT,20180316,,,,,2258377,2018-02-01,07:30,3619,3619,3617,3618,1029,61
"DE000C01YS98","FBON",,,"EUR",FUT,20180308,,,,,2468256,2018-02-01,07:30,145.42,145.42,145.42,145.42,3,1
"DE000C01YSB9","FBTP",,,"EUR",FUT,20180308,,,,,2468258,2018-02-01,07:30,136.02,136.02,136,136,120,39
"DE000C01YSD5","FGBL",,,"EUR",FUT,20180308,,,,,2468260,2018-02-01,07:30,158.6,158.61,158.6,158.6,247,21
"DE000C01YSE3","FGBM",,,"EUR",FUT,20180308,,,,,2468261,2018-02-01,07:30,130.41,130.42,130.41,130.42,33,3
"DE000C01YSF0","FGBS",,,"EUR",FUT,20180308,,,,,2468262,2018-02-01,07:30,111.815,111.815,111.815,111.815,119,20
"DE000C01YSG8","FGBX",,,"EUR",FUT,20180308,,,,,2468263,2018-02-01,07:30,161.12,161.16,161.12,161.12,46,17
"DE000C01YSJ2","FOAT",,,"EUR",FUT,20180308,,,,,2468265,2018-02-01,07:30,152.81,152.82,152.81,152.81,79,15
"DE000C02MHQ3","FDAX","DAX","DE0008469008","EUR",FUT,20180316,,,,,2479916,2018-02-01,07:30,13241.5,13243,13239,13239,84,69
"DE000C02MHS9","FDXM","DAX","DE0008469008","EUR",FUT,20180316,,,,,2479918,2018-02-01,07:30,13242,13243,13238,13240,37,24
"DE000C02MJV9","FSMI","SMI","CH0009980894","CHF",FUT,20180316,,,,,2479954,2018-02-01,07:30,9268,9270,9268,9268,10,5
"DE000C02MKS3","FXXP","SXXP","EU0009658202","EUR",FUT,20180316,,,,,2479984,2018-02-01,07:30,395.2,395.2,395.1,395.1,35,2
"DE000F4ABD52","FEXD",,,"EUR",FUT,20181221,,,,,964,2018-02-01,07:31,126.4,126.4,126.4,126.4,85,6
"DE000F4ZCMS5","FEXD",,,"EUR",FUT,20211217,,,,,967,2018-02-01,07:31,128.1,128.1,128.1,128.1,17,1
"DE000C0NSEN6","FESX","SX5E","EU0009658145","EUR",FUT,20180316,,,,,2258377,2018-02-01,07:31,3618,3619,3618,3618,399,27
"DE000C01YSB9","FBTP",,,"EUR",FUT,20180308,,,,,2468258,2018-02-01,07:31,135.99,136,135.99,135.99,57,15
"DE000C01YSD5","FGBL",,,"EUR",FUT,20180308,,,,,2468260,2018-02-01,07:31,158.6,158.61,158.57,158.58,1072,115
"DE000C01YSE3","FGBM",,,"EUR",FUT,20180308,,,,,2468261,2018-02-01,07:31,130.42,130.42,130.4,130.4,3132,44
"DE000C01YSF0","FGBS",,,"EUR",FUT,20180308,,,,,2468262,2018-02-01,07:31,111.81,111.81,111.81,111.81,3,1
"DE000C01YSG8","FGBX",,,"EUR",FUT,20180308,,,,,2468263,2018-02-01,07:31,161.14,161.14,161.1,161.1,79,31
"DE000C01YSJ2","FOAT",,,"EUR",FUT,20180308,,,,,2468265,2018-02-01,07:31,152.81,152.81,152.78,152.78,85,26
"DE000C02MHQ3","FDAX","DAX","DE0008469008","EUR",FUT,20180316,,,,,2479916,2018-02-01,07:31,13240,13244.5,13240,13243,57,43
"DE000C02MHS9","FDXM","DAX","DE0008469008","EUR",FUT,20180316,,,,,2479918,2018-02-01,07:31,13240,13245,13240,13244,18,14
"DE000C02MJV9","FSMI","SMI","CH0009980894","CHF",FUT,20180316,,,,,2479954,2018-02-01,07:31,9268,9270,9268,9269,6,5
"DE000C08RDZ9","OGBL","FGBL","DE0009652644","EUR",OPT,20180223,158.5,Put,,1,2629959,2018-02-01,07:31,0.69,0.7,0.69,0.7,4,2
"DE000C08RE05","OGBL","FGBL","DE0009652644","EUR",OPT,20180223,159,Call,,1,2629960,2018-02-01,07:31,0.53,0.53,0.53,0.53,1,1
"DE000C09L5G1","FGBL",,,"EUR",FUT,20180607,,,,,2646191,2018-02-01,07:31,155.92,155.92,155.92,155.92,1,1
"DE000C1LCV64","OGBL","FGBL","DE0009652644","EUR",OPT,20180323,158,Call,,1,2886892,2018-02-01,07:31,0.35,0.35,0.35,0.35,82,2
"DE000C09PZ43","FGBL",,,"EUR",MLEG,,,,"FGBL.S.MAR18.JUN18",,72060548975427620,2018-02-01,07:31,2.66,2.66,2.66,2.66,1,1
"DE000F4ABD52","FEXD",,,"EUR",FUT,20181221,,,,,964,2018-02-01,07:32,126.3,126.4,126.3,126.4,1020,4
"DE000C0NSEN6","FESX","SX5E","EU0009658145","EUR",FUT,20180316,,,,,2258377,2018-02-01,07:32,3618,3619,3617,3618,232,14
"DE000C01YS80","CONF",,,"CHF",FUT,20180308,,,,,2468255,2018-02-01,07:32,157.51,157.51,157.51,157.51,1,1
"DE000C01YSB9","FBTP",,,"EUR",FUT,20180308,,,,,2468258,2018-02-01,07:32,135.99,136.02,135.99,136,82,16
"DE000C01YSD5","FGBL",,,"EUR",FUT,20180308,,,,,2468260,2018-02-01,07:32,158.59,158.63,158.59,158.61,1452,56
"DE000C01YSE3","FGBM",,,"EUR",FUT,20180308,,,,,2468261,2018-02-01,07:32,130.4,130.41,130.4,130.41,686,18
"DE000C01YSF0","FGBS",,,"EUR",FUT,20180308,,,,,2468262,2018-02-01,07:32,111.81,111.81,111.81,111.81,626,4
"DE000C01YSG8","FGBX",,,"EUR",FUT,20180308,,,,,2468263,2018-02-01,07:32,161.12,161.2,161.12,161.18,50,15
"DE000C01YSJ2","FOAT",,,"EUR",FUT,20180308,,,,,2468265,2018-02-01,07:32,152.79,152.82,152.79,152.81,172,20
"DE000C02MHQ3","FDAX","DAX","DE0008469008","EUR",FUT,20180316,,,,,2479916,2018-02-01,07:32,13244,13245.5,13242,13242,34,31
"DE000C02MHS9","FDXM","DAX","DE0008469008","EUR",FUT,20180316,,,,,2479918,2018-02-01,07:32,13244,13245,13243,13243,15,11
"DE000C02MKJ2","FTDX","TDXP","DE0007203275","EUR",FUT,20180316,,,,,2479976,2018-02-01,07:32,2641.5,2641.5,2641,2641,2,2
"DE000C1LCV64","OGBL","FGBL","DE0009652644","EUR",OPT,20180323,158,Call,,1,2886892,2018-02-01,07:32,0.35,0.35,0.35,0.35,18,1
"DE000F4ABD52","FEXD",,,"EUR",FUT,20181221,,,,,964,2018-02-01,07:33,126.4,126.4,126.4,126.4,200,2
"DE000C0NSEN6","FESX","SX5E","EU0009658145","EUR",FUT,20180316,,,,,2258377,2018-02-01,07:33,3617,3619,3617,3618,1955,38
"DE000C0NSEP1","FESX","SX5E","EU0009658145","EUR",FUT,20180615,,,,,2258378,2018-02-01,07:33,3535,3535,3535,3535,2,1
"DE000C01YSB9","FBTP",,,"EUR",FUT,20180308,,,,,2468258,2018-02-01,07:33,136.01,136.03,136.01,136.02,40,12
"DE000C01YSD5","FGBL",,,"EUR",FUT,20180308,,,,,2468260,2018-02-01,07:33,158.62,158.64,158.61,158.61,738,51
"DE000C01YSE3","FGBM",,,"EUR",FUT,20180308,,,,,2468261,2018-02-01,07:33,130.41,130.41,130.41,130.41,66,6
"DE000C01YSG8","FGBX",,,"EUR",FUT,20180308,,,,,2468263,2018-02-01,07:33,161.18,161.22,161.16,161.18,48,18
"DE000C01YSJ2","FOAT",,,"EUR",FUT,20180308,,,,,2468265,2018-02-01,07:33,152.82,152.84,152.81,152.81,111,25
"DE000C02MHQ3","FDAX","DAX","DE0008469008","EUR",FUT,20180316,,,,,2479916,2018-02-01,07:33,13242,13245,13242,13243,50,37
"DE000C02MHS9","FDXM","DAX","DE0008469008","EUR",FUT,20180316,,,,,2479918,2018-02-01,07:33,13243,13245,13243,13243,17,8
"DE000C02MHV3","FESB","SX7E","EU0009658426","EUR",FUT,20180316,,,,,2479921,2018-02-01,07:33,142.1,142.1,142.1,142.1,161,7
"DE000C02MJV9","FSMI","SMI","CH0009980894","CHF",FUT,20180316,,,,,2479954,2018-02-01,07:33,9269,9269,9268,9268,7,5
"DE000C02MKS3","FXXP","SXXP","EU0009658202","EUR",FUT,20180316,,,,,2479984,2018-02-01,07:33,395.2,395.2,395.2,395.2,6,3
"DE000C1AA8E3","OGBL","FGBL","DE0009652644","EUR",OPT,20180223,157.5,Put,,1,2655456,2018-02-01,07:33,0.34,0.34,0.34,0.34,5,1
"DE000C1D06Q3","OGBL","FGBL","DE0009652644","EUR",OPT,20180223,154,Put,,1,2722434,2018-02-01,07:33,0.02,0.02,0.02,0.02,100,1
"DE000C102SZ1","OGB1","FGBL","DE0009652644","EUR",OPT,20180202,158.5,Call,,1,2911358,2018-02-01,07:33,0.32,0.32,0.32,0.32,83,1
"DE000C1AV3B5","FESX","SX5E","EU0009658145","EUR",MLEG,,,,"FESX.S.MAR18.JUN18",,72060493140852805,2018-02-01,07:33,84,84,84,84,2,1
"DE000C0NSEN6","FESX","SX5E","EU0009658145","EUR",FUT,20180316,,,,,2258377,2018-02-01,07:34,3618,3620,3618,3620,1346,47
"DE000C01YSB9","FBTP",,,"EUR",FUT,20180308,,,,,2468258,2018-02-01,07:34,136.03,136.03,135.99,135.99,32,10
"DE000C01YSD5","FGBL",,,"EUR",FUT,20180308,,,,,2468260,2018-02-01,07:34,158.62,158.62,158.58,158.58,656,93
"DE000C01YSE3","FGBM",,,"EUR",FUT,20180308,,,,,2468261,2018-02-01,07:34,130.4,130.4,130.39,130.4,164,5
"DE000C01YSF0","FGBS",,,"EUR",FUT,20180308,,,,,2468262,2018-02-01,07:34,111.81,111.81,111.81,111.81,273,1
"DE000C01YSG8","FGBX",,,"EUR",FUT,20180308,,,,,2468263,2018-02-01,07:34,161.16,161.16,161.08,161.08,41,8
"DE000C01YSJ2","FOAT",,,"EUR",FUT,20180308,,,,,2468265,2018-02-01,07:34,152.82,152.82,152.78,152.78,195,20
"DE000C02MHQ3","FDAX","DAX","DE0008469008","EUR",FUT,20180316,,,,,2479916,2018-02-01,07:34,13243,13247.5,13242,13247,110,72
"DE000C02MHS9","FDXM","DAX","DE0008469008","EUR",FUT,20180316,,,,,2479918,2018-02-01,07:34,13243,13247,13243,13247,33,21
"DE000C02MHV3","FESB","SX7E","EU0009658426","EUR",FUT,20180316,,,,,2479921,2018-02-01,07:34,142.1,142.1,142.1,142.1,4,1
"DE000C02MJV9","FSMI","SMI","CH0009980894","CHF",FUT,20180316,,,,,2479954,2018-02-01,07:34,9270,9273,9270,9273,35,9
"DE000C02MKS3","FXXP","SXXP","EU0009658202","EUR",FUT,20180316,,,,,2479984,2018-02-01,07:34,395.2,395.3,395.2,395.3,11,2
"DE000C03JBH9","FVS","V2TX","DE000A0C3QF1","EUR",FUT,20180214,,,,,2509649,2018-02-01,07:34,15.2,15.2,15.15,15.2,4,4
"DE000F0RKSS0","FEXD",,,"EUR",FUT,20191220,,,,,965,2018-02-01,07:35,129,129,129,129,3,1
"DE000C0NSEN6","FESX","SX5E","EU0009658145","EUR",FUT,20180316,,,,,2258377,2018-02-01,07:35,3621,3621,3620,3621,1575,47
"DE000C01YSB9","FBTP",,,"EUR",FUT,20180308,,,,,2468258,2018-02-01,07:35,136,136.01,135.99,135.99,82,23
"DE000C01YSD5","FGBL",,,"EUR",FUT,20180308,,,,,2468260,2018-02-01,07:35,158.59,158.61,158.56,158.56,1597,94
"DE000C01YSE3","FGBM",,,"EUR",FUT,20180308,,,,,2468261,2018-02-01,07:35,130.4,130.4,130.39,130.39,1150,69
"DE000C01YSF0","FGBS",,,"EUR",FUT,20180308,,,,,2468262,2018-02-01,07:35,111.805,111.805,111.805,111.805,1067,6
"DE000C01YSG8","FGBX",,,"EUR",FUT,20180308,,,,,2468263,2018-02-01,07:35,161.1,161.12,161.04,161.06,83,33
"DE000C01YSJ2","FOAT",,,"EUR",FUT,20180308,,,,,2468265,2018-02-01,07:35,152.78,152.79,152.77,152.77,193,37
"DE000C02MHQ3","FDAX","DAX","DE0008469008","EUR",FUT,20180316,,,,,2479916,2018-02-01,07:35,13247,13248,13243.5,13244.5,77,52
"DE000C02MHS9","FDXM","DAX","DE0008469008","EUR",FUT,20180316,,,,,2479918,2018-02-01,07:35,13247,13248,13244,13244,33,17
"DE000C02MJV9","FSMI","SMI","CH0009980894","CHF",FUT,20180316,,,,,2479954,2018-02-01,07:35,9277,9278,9277,9278,24,8
"DE000C02MKS3","FXXP","SXXP","EU0009658202","EUR",FUT,20180316,,,,,2479984,2018-02-01,07:35,395.4,395.4,395.4,395.4,3,3
"DE000C08RDX4","OGBL","FGBL","DE0009652644","EUR",OPT,20180223,158,Put,,1,2629957,2018-02-01,07:35,0.5,0.5,0.5,0.5,3,1
"DE000C1C4S56","OGBL","FGBL","DE0009652644","EUR",OPT,20180223,156.5,Put,,1,2707135,2018-02-01,07:35,0.15,0.15,0.15,0.15,3,1
"DE000C0NSEN6","FESX","SX5E","EU0009658145","EUR",FUT,20180316,,,,,2258377,2018-02-01,07:36,3620,3621,3619,3619,94,30
"DE000C01YS98","FBON",,,"EUR",FUT,20180308,,,,,2468256,2018-02-01,07:36,145.35,145.35,145.35,145.35,1,1
"DE000C01YSB9","FBTP",,,"EUR",FUT,20180308,,,,,2468258,2018-02-01,07:36,136,136.01,136,136.01,42,8
"DE000C01YSD5","FGBL",,,"EUR",FUT,20180308,,,,,2468260,2018-02-01,07:36,158.57,158.58,158.56,158.58,1443,90
"DE000C01YSE3","FGBM",,,"EUR",FUT,20180308,,,,,2468261,2018-02-01,07:36,130.39,130.39,130.39,130.39,469,10
"DE000C01YSF0","FGBS",,,"EUR",FUT,20180308,,,,,2468262,2018-02-01,07:36,111.805,111.805,111.805,111.805,200,2
"DE000C01YSG8","FGBX",,,"EUR",FUT,20180308,,,,,2468263,2018-02-01,07:36,161.06,161.08,161.02,161.08,36,19
"DE000C01YSJ2","FOAT",,,"EUR",FUT,20180308,,,,,2468265,2018-02-01,07:36,152.77,152.8,152.77,152.8,411,53
"DE000C02MHQ3","FDAX","DAX","DE0008469008","EUR",FUT,20180316,,,,,2479916,2018-02-01,07:36,13243.5,13245.5,13243,13243,28,22
"DE000C02MHS9","FDXM","DAX","DE0008469008","EUR",FUT,20180316,,,,,2479918,2018-02-01,07:36,13244,13245,13243,13243,6,5
"DE000C02MHV3","FESB","SX7E","EU0009658426","EUR",FUT,20180316,,,,,2479921,2018-02-01,07:36,142.2,142.2,142.2,142.2,250,2
"DE000C02MJV9","FSMI","SMI","CH0009980894","CHF",FUT,20180316,,,,,2479954,2018-02-01,07:36,9280,9282,9279,9281,28,10
"DE000C08RDX4","OGBL","FGBL","DE0009652644","EUR",OPT,20180223,158,Put,,1,2629957,2018-02-01,07:36,0.5,0.5,0.5,0.5,100,2
"DE000C1D06U5","OGBL","FGBL","DE0009652644","EUR",OPT,20180223,155,Put,,1,2722438,2018-02-01,07:36,0.05,0.05,0.05,0.05,50,1
"DE000C0NSEN6","FESX","SX5E","EU0009658145","EUR",FUT,20180316,,,,,2258377,2018-02-01,07:37,3620,3621,3620,3621,92,7
"DE000C01YSB9","FBTP",,,"EUR",FUT,20180308,,,,,2468258,2018-02-01,07:37,136.02,136.04,136.01,136.04,200,31
"DE000C01YSC7","FBTS",,,"EUR",FUT,20180308,,,,,2468259,2018-02-01,07:37,113.25,113.25,113.25,113.25,226,2
"DE000C01YSD5","FGBL",,,"EUR",FUT,20180308,,,,,2468260,2018-02-01,07:37,158.57,158.62,158.57,158.61,948,79
"DE000C01YSE3","FGBM",,,"EUR",FUT,20180308,,,,,2468261,2018-02-01,07:37,130.39,130.4,130.39,130.4,869,14
"DE000C01YSF0","FGBS",,,"EUR",FUT,20180308,,,,,2468262,2018-02-01,07:37,111.805,111.805,111.805,111.805,13,1
"DE000C01YSG8","FGBX",,,"EUR",FUT,20180308,,,,,2468263,2018-02-01,07:37,161.1,161.22,161.1,161.22,47,13
"DE000C01YSJ2","FOAT",,,"EUR",FUT,20180308,,,,,2468265,2018-02-01,07:37,152.8,152.82,152.8,152.82,395,39
"DE000C02MHQ3","FDAX","DAX","DE0008469008","EUR",FUT,20180316,,,,,2479916,2018-02-01,07:37,13243.5,13244,13242,13243.5,28,18
"DE000C02MHS9","FDXM","DAX","DE0008469008","EUR",FUT,20180316,,,,,2479918,2018-02-01,07:37,13244,13244,13243,13243,7,6
"DE000C02MHV3","FESB","SX7E","EU0009658426","EUR",FUT,20180316,,,,,2479921,2018-02-01,07:37,142.3,142.3,142.3,142.3,170,2
"DE000C02MJV9","FSMI","SMI","CH0009980894","CHF",FUT,20180316,,,,,2479954,2018-02-01,07:37,9280,9281,9280,9280,24,10
"DE000C1A2114","OGBL","FGBL","DE0009652644","EUR",OPT,20180223,157,Put,,1,2658547,2018-02-01,07:37,0.24,0.24,0.24,0.24,37,1
"DE000C0NSEN6","FESX","SX5E","EU0009658145","EUR",FUT,20180316,,,,,2258377,2018-02-01,07:38,3620,3620,3620,3620,418,8
"DE000C01YS80","CONF",,,"CHF",FUT,20180308,,,,,2468255,2018-02-01,07:38,157.57,157.58,157.57,157.58,12,3
"DE000C01YSB9","FBTP",,,"EUR",FUT,20180308,,,,,2468258,2018-02-01,07:38,136.04,136.04,135.99,135.99,140,22
"DE000C01YSC7","FBTS",,,"EUR",FUT,20180308,,,,,2468259,2018-02-01,07:38,113.25,113.25,113.25,113.25,148,2
"DE000C01YSD5","FGBL",,,"EUR",FUT,20180308,,,,,2468260,2018-02-01,07:38,158.61,158.62,158.6,158.6,1036,63
"DE000C01YSE3","FGBM",,,"EUR",FUT,20180308,,,,,2468261,2018-02-01,07:38,130.4,130.4,130.4,130.4,337,11
"DE000C01YSG8","FGBX",,,"EUR",FUT,20180308,,,,,2468263,2018-02-01,07:38,161.2,161.22,161.2,161.2,67,20
"DE000C01YSJ2","FOAT",,,"EUR",FUT,20180308,,,,,2468265,2018-02-01,07:38,152.83,152.83,152.81,152.81,258,47
"DE000C02MHQ3","FDAX","DAX","DE0008469008","EUR",FUT,20180316,,,,,2479916,2018-02-01,07:38,13244,13244.5,13242,13243,41,33
"DE000C02MHS9","FDXM","DAX","DE0008469008","EUR",FUT,20180316,,,,,2479918,2018-02-01,07:38,13243,13244,13242,13244,10,8
"DE000C02MJV9","FSMI","SMI","CH0009980894","CHF",FUT,20180316,,,,,2479954,2018-02-01,07:38,9281,9281,9281,9281,2,1
"DE000F4ABD52","FEXD",,,"EUR",FUT,20181221,,,,,964,2018-02-01,07:39,126.4,126.4,126.4,126.4,33,1
"DE000C0JK6H0","FEXD",,,"EUR",FUT,20261218,,,,,2163053,2018-02-01,07:39,119.3,119.3,119.3,119.3,1,1
"DE000C0NSEN6","FESX","SX5E","EU0009658145","EUR",FUT,20180316,,,,,2258377,2018-02-01,07:39,3620,3621,3620,3621,575,26
"DE000C01YSB9","FBTP",,,"EUR",FUT,20180308,,,,,2468258,2018-02-01,07:39,135.98,135.99,135.97,135.98,105,14
"DE000C01YSD5","FGBL",,,"EUR",FUT,20180308,,,,,2468260,2018-02-01,07:39,158.61,158.62,158.61,158.62,247,35
"DE000C01YSE3","FGBM",,,"EUR",FUT,20180308,,,,,2468261,2018-02-01,07:39,130.4,130.4,130.4,130.4,145,5
"DE000C01YSF0","FGBS",,,"EUR",FUT,20180308,,,,,2468262,2018-02-01,07:39,111.81,111.81,111.805,111.81,5,5
"DE000C01YSG8","FGBX",,,"EUR",FUT,20180308,,,,,2468263,2018-02-01,07:39,161.2,161.22,161.2,161.22,24,11
"DE000C01YSJ2","FOAT",,,"EUR",FUT,20180308,,,,,2468265,2018-02-01,07:39,152.81,152.82,152.81,152.82,101,15
"DE000C02MHQ3","FDAX","DAX","DE0008469008","EUR",FUT,20180316,,,,,2479916,2018-02-01,07:39,13242.5,13250,13241.5,13247.5,111,79
"DE000C02MHS9","FDXM","DAX","DE0008469008","EUR",FUT,20180316,,,,,2479918,2018-02-01,07:39,13242,13249,13241,13247,53,47
"DE000C02MHV3","FESB","SX7E","EU0009658426","EUR",FUT,20180316,,,,,2479921,2018-02-01,07:39,142.2,142.2,142.2,142.2,5,1
"DE000C02MJV9","FSMI","SMI","CH0009980894","CHF",FUT,20180316,,,,,2479954,2018-02-01,07:39,9285,9289,9285,9289,29,7
"DE000C0NSEN6","FESX","SX5E","EU0009658145","EUR",FUT,20180316,,,,,2258377,2018-02-01,07:40,3620,3621,3620,3621,371,14
"DE000C01YSB9","FBTP",,,"EUR",FUT,20180308,,,,,2468258,2018-02-01,07:40,135.98,135.99,135.97,135.98,19,16
"DE000C01YSD5","FGBL",,,"EUR",FUT,20180308,,,,,2468260,2018-02-01,07:40,158.62,158.63,158.61,158.62,446,44
"DE000C01YSE3","FGBM",,,"EUR",FUT,20180308,,,,,2468261,2018-02-01,07:40,130.4,130.4,130.4,130.4,60,5
"DE000C01YSF0","FGBS",,,"EUR",FUT,20180308,,,,,2468262,2018-02-01,07:40,111.805,111.81,111.805,111.81,17,17
"DE000C01YSG8","FGBX",,,"EUR",FUT,20180308,,,,,2468263,2018-02-01,07:40,161.22,161.3,161.22,161.3,48,9
"DE000C01YSJ2","FOAT",,,"EUR",FUT,20180308,,,,,2468265,2018-02-01,07:40,152.82,152.83,152.82,152.83,131,17
"DE000C02MHQ3","FDAX","DAX","DE0008469008","EUR",FUT,20180316,,,,,2479916,2018-02-01,07:40,13247.5,13251,13245.5,13250,60,41
"DE000C02MHS9","FDXM","DAX","DE0008469008","EUR",FUT,20180316,,,,,2479918,2018-02-01,07:40,13247,13250,13245,13250,58,42
"DE000C02MJV9","FSMI","SMI","CH0009980894","CHF",FUT,20180316,,,,,2479954,2018-02-01,07:40,9288,9288,9288,9288,1,1
"DE000C02MKS3","FXXP","SXXP","EU0009658202","EUR",FUT,20180316,,,,,2479984,2018-02-01,07:40,395.5,395.5,395.5,395.5,21,3
"DE000C08RDX4","OGBL","FGBL","DE0009652644","EUR",OPT,20180223,158,Put,,1,2629957,2018-02-01,07:40,0.48,0.48,0.48,0.48,200,5
"DE000C0NSEN6","FESX","SX5E","EU0009658145","EUR",FUT,20180316,,,,,2258377,2018-02-01,07:41,3621,3621,3620,3620,216,6
"DE000C01YS80","CONF",,,"CHF",FUT,20180308,,,,,2468255,2018-02-01,07:41,157.57,157.57,157.57,157.57,9,2
"DE000C01YSB9","FBTP",,,"EUR",FUT,20180308,,,,,2468258,2018-02-01,07:41,135.98,135.98,135.95,135.95,53,15
"DE000C01YSC7","FBTS",,,"EUR",FUT,20180308,,,,,2468259,2018-02-01,07:41,113.25,113.25,113.25,113.25,107,2
"DE000C01YSD5","FGBL",,,"EUR",FUT,20180308,,,,,2468260,2018-02-01,07:41,158.63,158.63,158.57,158.58,916,73
"DE000C01YSE3","FGBM",,,"EUR",FUT,20180308,,,,,2468261,2018-02-01,07:41,130.4,130.4,130.39,130.39,477,21
"DE000C01YSF0","FGBS",,,"EUR",FUT,20180308,,,,,2468262,2018-02-01,07:41,111.805,111.81,111.805,111.805,109,10
"DE000C01YSG8","FGBX",,,"EUR",FUT,20180308,,,,,2468263,2018-02-01,07:41,161.28,161.28,161.2,161.2,74,17
"DE000C01YSJ2","FOAT",,,"EUR",FUT,20180308,,,,,2468265,2018-02-01,07:41,152.83,152.83,152.77,152.77,87,26
"DE000C02MHQ3","FDAX","DAX","DE0008469008","EUR",FUT,20180316,,,,,2479916,2018-02-01,07:41,13250,13252,13249,13252,25,23
"DE000C02MHS9","FDXM","DAX","DE0008469008","EUR",FUT,20180316,,,,,2479918,2018-02-01,07:41,13250,13250,13249,13250,9,6
"DE000C02MHV3","FESB","SX7E","EU0009658426","EUR",FUT,20180316,,,,,2479921,2018-02-01,07:41,142.1,142.1,142.1,142.1,50,1
"DE000C03JBH9","FVS","V2TX","DE000A0C3QF1","EUR",FUT,20180214,,,,,2509649,2018-02-01,07:41,15.25,15.25,15.2,15.2,11,2
"DE000C0NSEN6","FESX","SX5E","EU0009658145","EUR",FUT,20180316,,,,,2258377,2018-02-01,07:42,3621,3621,3620,3621,391,16
"DE000C01YSB9","FBTP",,,"EUR",FUT,20180308,,,,,2468258,2018-02-01,07:42,135.96,135.97,135.96,135.96,106,20
"DE000C01YSC7","FBTS",,,"EUR",FUT,20180308,,,,,2468259,2018-02-01,07:42,113.25,113.25,113.25,113.25,6,1
"DE000C01YSD5","FGBL",,,"EUR",FUT,20180308,,,,,2468260,2018-02-01,07:42,158.57,158.6,158.57,158.59,1042,117
"DE000C01YSE3","FGBM",,,"EUR",FUT,20180308,,,,,2468261,2018-02-01,07:42,130.39,130.41,130.39,130.4,350,33
"DE000C01YSF0","FGBS",,,"EUR",FUT,20180308,,,,,2468262,2018-02-01,07:42,111.805,111.81,111.805,111.81,29,9
"DE000C01YSG8","FGBX",,,"EUR",FUT,20180308,,,,,2468263,2018-02-01,07:42,161.2,161.32,161.2,161.3,82,27
"DE000C01YSJ2","FOAT",,,"EUR",FUT,20180308,,,,,2468265,2018-02-01,07:42,152.77,152.8,152.77,152.8,194,64
"DE000C02MHQ3","FDAX","DAX","DE0008469008","EUR",FUT,20180316,,,,,2479916,2018-02-01,07:42,13252,13252,13250.5,13251,36,25
"DE000C02MHS9","FDXM","DAX","DE0008469008","EUR",FUT,20180316,,,,,2479918,2018-02-01,07:42,13252,13252,13251,13251,12,8
"DE000C02MHV3","FESB","SX7E","EU0009658426","EUR",FUT,20180316,,,,,2479921,2018-02-01,07:42,142.2,142.3,142.2,142.3,115,4
"DE000C02MJV9","FSMI","SMI","CH0009980894","CHF",FUT,20180316,,,,,2479954,2018-02-01,07:42,9287,9287,9286,9287,7,3
"DE000C02MKS3","FXXP","SXXP","EU0009658202","EUR",FUT,20180316,,,,,2479984,2018-02-01,07:42,395.5,395.5,395.5,395.5,21,1
"DE000C08RE05","OGBL","FGBL","DE0009652644","EUR",OPT,20180223,159,Call,,1,2629960,2018-02-01,07:42,0.52,0.52,0.52,0.52,104,3
"DE000C08REA0","OGBL","FGBL","DE0009652644","EUR",OPT,20180223,161.5,Call,,1,2629970,2018-02-01,07:42,0.05,0.05,0.05,0.05,175,1
"DE000C0NSEN6","FESX","SX5E","EU0009658145","EUR",FUT,20180316,,,,,2258377,2018-02-01,07:43,3621,3621,3621,3621,416,16
"DE000C01YS80","CONF",,,"CHF",FUT,20180308,,,,,2468255,2018-02-01,07:43,157.55,157.57,157.55,157.57,3,2
"DE000C01YSB9","FBTP",,,"EUR",FUT,20180308,,,,,2468258,2018-02-01,07:43,135.96,135.96,135.96,135.96,45,11
"DE000C01YSD5","FGBL",,,"EUR",FUT,20180308,,,,,2468260,2018-02-01,07:43,158.59,158.61,158.59,158.6,338,44
"DE000C01YSE3","FGBM",,,"EUR",FUT,20180308,,,,,2468261,2018-02-01,07:43,130.39,130.41,130.39,130.4,32,5
"DE000C01YSF0","FGBS",,,"EUR",FUT,20180308,,,,,2468262,2018-02-01,07:43,111.81,111.81,111.805,111.81,449,32
"DE000C01YSG8","FGBX",,,"EUR",FUT,20180308,,,,,2468263,2018-02-01,07:43,161.28,161.36,161.28,161.32,101,21
"DE000C01YSJ2","FOAT",,,"EUR",FUT,20180308,,,,,2468265,2018-02-01,07:43,152.79,152.81,152.79,152.81,16,6
"DE000C02MHQ3","FDAX","DAX","DE0008469008","EUR",FUT,20180316,,,,,2479916,2018-02-01,07:43,13251,13251.5,13250.5,13251,19,13
"DE000C02MHS9","FDXM","DAX","DE0008469008","EUR",FUT,20180316,,,,,2479918,2018-02-01,07:43,13251,13251,13250,13250,8,5
"DE000C02MJV9","FSMI","SMI","CH0009980894","CHF",FUT,20180316,,,,,2479954,2018-02-01,07:43,9286,9286,9286,9286,5,3
"DE000C08RE05","OGBL","FGBL","DE0009652644","EUR",OPT,20180223,159,Call,,1,2629960,2018-02-01,07:43,0.52,0.52,0.52,0.52,100,1
"DE000C0NSEN6","FESX","SX5E","EU0009658145","EUR",FUT,20180316,,,,,2258377,2018-02-01,07:44,3621,3621,3620,3621,449,12
"DE000C01YS80","CONF",,,"CHF",FUT,20180308,,,,,2468255,2018-02-01,07:44,157.57,157.57,157.57,157.57,7,2
"DE000C01YSB9","FBTP",,,"EUR",FUT,20180308,,,,,2468258,2018-02-01,07:44,135.96,135.97,135.96,135.96,214,20
"DE000C01YSD5","FGBL",,,"EUR",FUT,20180308,,,,,2468260,2018-02-01,07:44,158.59,158.63,158.59,158.6,654,48
"DE000C01YSE3","FGBM",,,"EUR",FUT,20180308,,,,,2468261,2018-02-01,07:44,130.4,130.42,130.4,130.41,889,15
"DE000C01YSF0","FGBS",,,"EUR",FUT,20180308,,,,,2468262,2018-02-01,07:44,111.81,111.81,111.805,111.81,1034,33
"DE000C01YSG8","FGBX",,,"EUR",FUT,20180308,,,,,2468263,2018-02-01,07:44,161.32,161.38,161.32,161.34,27,10
"DE000C01YSJ2","FOAT",,,"EUR",FUT,20180308,,,,,2468265,2018-02-01,07:44,152.8,152.82,152.8,152.81,36,15
"DE000C02MHQ3","FDAX","DAX","DE0008469008","EUR",FUT,20180316,,,,,2479916,2018-02-01,07:44,13250.5,13251.5,13249.5,13250,58,29
"DE000C02MHS9","FDXM","DAX","DE0008469008","EUR",FUT,20180316,,,,,2479918,2018-02-01,07:44,13250,13250,13249,13250,7,4
"DE000C02MHV3","FESB","SX7E","EU0009658426","EUR",FUT,20180316,,,,,2479921,2018-02-01,07:44,142.2,142.2,142.2,142.2,28,1
"DE000C02MJV9","FSMI","SMI","CH0009980894","CHF",FUT,20180316,,,,,2479954,2018-02-01,07:44,9285,9285,9284,9284,3,2
"DE000C02MKS3","FXXP","SXXP","EU0009658202","EUR",FUT,20180316,,,,,2479984,2018-02-01,07:44,395.5,395.5,395.5,395.5,1,1
"DE000C0NSEN6","FESX","SX5E","EU0009658145","EUR",FUT,20180316,,,,,2258377,2018-02-01,07:45,3620,3621,3620,3621,605,14
"DE000C01YS80","CONF",,,"CHF",FUT,20180308,,,,,2468255,2018-02-01,07:45,157.61,157.61,157.61,157.61,1,1
"DE000C01YSB9","FBTP",,,"EUR",FUT,20180308,,,,,2468258,2018-02-01,07:45,135.96,135.97,135.94,135.97,299,55
"DE000C01YSD5","FGBL",,,"EUR",FUT,20180308,,,,,2468260,2018-02-01,07:45,158.61,158.61,158.55,158.56,1582,125
"DE000C01YSE3","FGBM",,,"EUR",FUT,20180308,,,,,2468261,2018-02-01,07:45,130.4,130.4,130.39,130.4,435,12
"DE000C01YSF0","FGBS",,,"EUR",FUT,20180308,,,,,2468262,2018-02-01,07:45,111.81,111.81,111.81,111.81,6,6
"DE000C01YSG8","FGBX",,,"EUR",FUT,20180308,,,,,2468263,2018-02-01,07:45,161.3,161.3,161.22,161.26,92,27
"DE000C01YSJ2","FOAT",,,"EUR",FUT,20180308,,,,,2468265,2018-02-01,07:45,152.81,152.81,152.77,152.77,109,26
"DE000C02MHQ3","FDAX","DAX","DE0008469008","EUR",FUT,20180316,,,,,2479916,2018-02-01,07:45,13250,13252,13250,13250,34,20
"DE000C02MHS9","FDXM","DAX","DE0008469008","EUR",FUT,20180316,,,,,2479918,2018-02-01,07:45,13249,13251,13249,13251,15,11
"DE000C02MJV9","FSMI","SMI","CH0009980894","CHF",FUT,20180316,,,,,2479954,2018-02-01,07:45,9284,9284,9284,9284,3,1
"DE000C02MKS3","FXXP","SXXP","EU0009658202","EUR",FUT,20180316,,,,,2479984,2018-02-01,07:45,395.5,395.6,395.5,395.6,4,2
"DE000C05DXP4","FVS","V2TX","DE000A0C3QF1","EUR",FUT,20180321,,,,,2549108,2018-02-01,07:45,14.65,14.65,14.65,14.65,23,1
"DE000C08RDZ9","OGBL","FGBL","DE0009652644","EUR",OPT,20180223,158.5,Put,,1,2629959,2018-02-01,07:45,0.68,0.69,0.68,0.69,122,2
"DE000C1C4S56","OGBL","FGBL","DE0009652644","EUR",OPT,20180223,156.5,Put,,1,2707135,2018-02-01,07:45,0.16,0.16,0.16,0.16,100,1
"DE000C0NSEN6","FESX","SX5E","EU0009658145","EUR",FUT,20180316,,,,,2258377,2018-02-01,07:46,3621,3623,3621,3623,962,23
"DE000C01YSB9","FBTP",,,"EUR",FUT,20180308,,,,,2468258,2018-02-01,07:46,135.97,135.99,135.97,135.98,234,24
"DE000C01YSD5","FGBL",,,"EUR",FUT,20180308,,,,,2468260,2018-02-01,07:46,158.57,158.58,158.56,158.58,937,71
"DE000C01YSE3","FGBM",,,"EUR",FUT,20180308,,,,,2468261,2018-02-01,07:46,130.39,130.4,130.39,130.39,471,7
"DE000C01YSF0","FGBS",,,"EUR",FUT,20180308,,,,,2468262,2018-02-01,07:46,111.81,111.81,111.81,111.81,9,9
"DE000C01YSG8","FGBX",,,"EUR",FUT,20180308,,,,,2468263,2018-02-01,07:46,161.24,161.28,161.24,161.26,18,10
"DE000C01YSJ2","FOAT",,,"EUR",FUT,20180308,,,,,2468265,2018-02-01,07:46,152.77,152.79,152.77,152.78,126,29
"DE000C02MHQ3","FDAX","DAX","DE0008469008","EUR",FUT,20180316,,,,,2479916,2018-02-01,07:46,13250.5,13255.5,13250.5,13255.5,58,43
"DE000C02MHS9","FDXM","DAX","DE0008469008","EUR",FUT,20180316,,,,,2479918,2018-02-01,07:46,13251,13255,13251,13255,23,12
"DE000C02MJV9","FSMI","SMI","CH0009980894","CHF",FUT,20180316,,,,,2479954,2018-02-01,07:46,9284,9285,9284,9285,5,2
"DE000C02MJZ0","FSTB","SX7P","EU0009658806","EUR",FUT,20180316,,,,,2479957,2018-02-01,07:46,193.7,193.7,193.7,193.7,4,1
"DE000C02MKS3","FXXP","SXXP","EU0009658202","EUR",FUT,20180316,,,,,2479984,2018-02-01,07:46,395.6,395.6,395.6,395.6,12,2
"DE000C05DXP4","FVS","V2TX","DE000A0C3QF1","EUR",FUT,20180321,,,,,2549108,2018-02-01,07:46,14.6,14.6,14.6,14.6,1,1
"DE000C08RDX4","OGBL","FGBL","DE0009652644","EUR",OPT,20180223,158,Put,,1,2629957,2018-02-01,07:46,0.5,0.5,0.5,0.5,100,1
"DE000C1A2114","OGBL","FGBL","DE0009652644","EUR",OPT,20180223,157,Put,,1,2658547,2018-02-01,07:46,0.24,0.24,0.24,0.24,100,2
"DE000C1C4S56","OGBL","FGBL","DE0009652644","EUR",OPT,20180223,156.5,Put,,1,2707135,2018-02-01,07:46,0.15,0.15,0.15,0.15,25,1
"DE000C1HD9K8","OGBL","FGBL","DE0009652644","EUR",OPT,20180525,155,Call,,1,2821661,2018-02-01,07:46,2.09,2.09,2.09,2.09,1,1
"DE000C1LCV64","OGBL","FGBL","DE0009652644","EUR",OPT,20180323,158,Call,,1,2886892,2018-02-01,07:46,0.35,0.35,0.35,0.35,1,1
"DE000C0NSEN6","FESX","SX5E","EU0009658145","EUR",FUT,20180316,,,,,2258377,2018-02-01,07:47,3622,3623,3622,3622,360,15
"DE000C01YSB9","FBTP",,,"EUR",FUT,20180308,,,,,2468258,2018-02-01,07:47,135.97,135.97,135.92,135.92,230,54
"DE000C01YSD5","FGBL",,,"EUR",FUT,20180308,,,,,2468260,2018-02-01,07:47,158.58,158.58,158.48,158.51,5620,404
"DE000C01YSE3","FGBM",,,"EUR",FUT,20180308,,,,,2468261,2018-02-01,07:47,130.4,130.4,130.36,130.37,7620,139
"DE000C01YSF0","FGBS",,,"EUR",FUT,20180308,,,,,2468262,2018-02-01,07:47,111.81,111.81,111.8,111.805,4528,50
"DE000C01YSG8","FGBX",,,"EUR",FUT,20180308,,,,,2468263,2018-02-01,07:47,161.26,161.26,161.06,161.1,194,62
"DE000C01YSJ2","FOAT",,,"EUR",FUT,20180308,,,,,2468265,2018-02-01,07:47,152.78,152.78,152.71,152.73,731,96
"DE000C02MHQ3","FDAX","DAX","DE0008469008","EUR",FUT,20180316,,,,,2479916,2018-02-01,07:47,13255,13255.5,13251.5,13252.5,90,48
"DE000C02MHS9","FDXM","DAX","DE0008469008","EUR",FUT,20180316,,,,,2479918,2018-02-01,07:47,13255,13256,13253,13253,12,9
"DE000C02MHV3","FESB","SX7E","EU0009658426","EUR",FUT,20180316,,,,,2479921,2018-02-01,07:47,142.3,142.3,142.3,142.3,75,4
"DE000C08RE05","OGBL","FGBL","DE0009652644","EUR",OPT,20180223,159,Call,,1,2629960,2018-02-01,07:47,0.5,0.5,0.5,0.5,1,1
"DE000C08RE47","OGBL","FGBL","DE0009652644","EUR",OPT,20180223,160,Call,,1,2629964,2018-02-01,07:47,0.19,0.19,0.19,0.19,200,4
"DE000C08RE88","OGBL","FGBL","DE0009652644","EUR",OPT,20180223,161,Call,,1,2629968,2018-02-01,07:47,0.07,0.07,0.07,0.07,25,1
"DE000C1A2114","OGBL","FGBL","DE0009652644","EUR",OPT,20180223,157,Put,,1,2658547,2018-02-01,07:47,0.24,0.25,0.24,0.25,253,6
"DE000C1B45G6","FVS","V2TX","DE000A0C3QF1","EUR",FUT,20180516,,,,,2685949,2018-02-01,07:47,16.45,16.45,16.4,16.4,10,2
"DE000C1C4S56","OGBL","FGBL","DE0009652644","EUR",OPT,20180223,156.5,Put,,1,2707135,2018-02-01,07:47,0.16,0.16,0.16,0.16,50,1
"DE000C1C4S64","OGBL","FGBL","DE0009652644","EUR",OPT,20180223,156,Put,,1,2707136,2018-02-01,07:47,0.11,0.11,0.11,0.11,112,2
"DE000C1H6092","OGBL","FGBL","DE0009652644","EUR",OPT,20180525,157,Call,,1,2817651,2018-02-01,07:47,1.03,1.03,1.03,1.03,2,1
"DE000C1LCUB3","OGBL","FGBL","DE0009652644","EUR",OPT,20180323,153.5,Put,,1,2886875,2018-02-01,07:47,0.34,0.34,0.34,0.34,2,1
"DE000C1LCUD9","OGBL","FGBL","DE0009652644","EUR",OPT,20180323,154,Put,,1,2886877,2018-02-01,07:47,0.46,0.46,0.46,0.46,1,1
"DE000C09PZ27","FGBM",,,"EUR",MLEG,,,,"FGBM.S.MAR18.JUN18",,72060553270394916,2018-02-01,07:47,0.76,0.76,0.76,0.76,150,1
"DE000C127ZX8","OGBM","FGBM","DE0009652651","EUR",MLEG,,,,"OGBM.O.180126.BER.000033",,72063443783438689,2018-02-01,07:47,0.2,0.2,0.2,0.2,5,1
"DE000C0NSEN6","FESX","SX5E","EU0009658145","EUR",FUT,20180316,,,,,2258377,2018-02-01,07:48,3622,3623,3622,3622,584,17
"DE000C01YS80","CONF",,,"CHF",FUT,20180308,,,,,2468255,2018-02-01,07:48,157.64,157.64,157.64,157.64,5,3
"DE000C01YSB9","FBTP",,,"EUR",FUT,20180308,,,,,2468258,2018-02-01,07:48,135.92,135.94,135.92,135.92,169,55
"DE000C01YSD5","FGBL",,,"EUR",FUT,20180308,,,,,2468260,2018-02-01,07:48,158.51,158.53,158.49,158.51,2646,156
"DE000C01YSE3","FGBM",,,"EUR",FUT,20180308,,,,,2468261,2018-02-01,07:48,130.37,130.37,130.37,130.37,652,41
"DE000C01YSF0","FGBS",,,"EUR",FUT,20180308,,,,,2468262,2018-02-01,07:48,111.805,111.805,111.805,111.805,2,2
"DE000C01YSG8","FGBX",,,"EUR",FUT,20180308,,,,,2468263,2018-02-01,07:48,161.12,161.14,161.06,161.1,145,41
"DE000C01YSJ2","FOAT",,,"EUR",FUT,20180308,,,,,2468265,2018-02-01,07:48,152.73,152.75,152.72,152.73,421,55
"DE000C02MHQ3","FDAX","DAX","DE0008469008","EUR",FUT,20180316,,,,,2479916,2018-02-01,07:48,13252,13253.5,13251.5,13252,38,22
"DE000C02MHS9","FDXM","DAX","DE0008469008","EUR",FUT,20180316,,,,,2479918,2018-02-01,07:48,13252,13252,13252,13252,8,5
"DE000C02MHV3","FESB","SX7E","EU0009658426","EUR",FUT,20180316,,,,,2479921,2018-02-01,07:48,142.3,142.3,142.3,142.3,178,10
"DE000C02MJV9","FSMI","SMI","CH0009980894","CHF",FUT,20180316,,,,,2479954,2018-02-01,07:48,9285,9285,9284,9284,3,2
"DE000C02MKS3","FXXP","SXXP","EU0009658202","EUR",FUT,20180316,,,,,2479984,2018-02-01,07:48,395.5,395.6,395.5,395.6,11,7
"DE000C08RDW6","OGBL","FGBL","DE0009652644","EUR",OPT,20180223,158,Call,,1,2629956,2018-02-01,07:48,1.03,1.03,1.03,1.03,65,1
"DE000C08RE05","OGBL","FGBL","DE0009652644","EUR",OPT,20180223,159,Call,,1,2629960,2018-02-01,07:48,0.49,0.49,0.49,0.49,31,2
"DE000C1A15Z1","FDXM","DAX","DE0008469008","EUR",FUT,20180615,,,,,2657559,2018-02-01,07:48,13273,13273,13273,13273,1,1
"DE000C1LCV64","OGBL","FGBL","DE0009652644","EUR",OPT,20180323,158,Call,,1,2886892,2018-02-01,07:48,0.33,0.33,0.33,0.33,1,1
"DE000C1AV382","FDXM","DAX","DE0008469008","EUR",MLEG,,,,"FDXM.S.MAR18.JUN18",,72264040230944786,2018-02-01,07:48,-21,-21,-21,-21,1,1
"DE000C0NSEN6","FESX","SX5E","EU0009658145","EUR",FUT,20180316,,,,,2258377,2018-02-01,07:49,3622,3623,3622,3623,625,24
"DE000C01YS80","CONF",,,"CHF",FUT,20180308,,,,,2468255,2018-02-01,07:49,157.64,157.64,157.64,157.64,2,1
"DE000C01YSB9","FBTP",,,"EUR",FUT,20180308,,,,,2468258,2018-02-01,07:49,135.93,135.93,135.9,135.9,299,24
"DE000C01YSD5","FGBL",,,"EUR",FUT,20180308,,,,,2468260,2018-02-01,07:49,158.51,158.52,158.47,158.49,1244,88
"DE000C01YSE3","FGBM",,,"EUR",FUT,20180308,,,,,2468261,2018-02-01,07:49,130.37,130.37,130.36,130.36,961,49
"DE000C01YSF0","FGBS",,,"EUR",FUT,20180308,,,,,2468262,2018-02-01,07:49,111.805,111.805,111.805,111.805,125,1
"DE000C01YSG8","FGBX",,,"EUR",FUT,20180308,,,,,2468263,2018-02-01,07:49,161.08,161.16,161,161.04,320,47
"DE000C01YSJ2","FOAT",,,"EUR",FUT,20180308,,,,,2468265,2018-02-01,07:49,152.74,152.74,152.71,152.72,94,22
"DE000C02MHQ3","FDAX","DAX","DE0008469008","EUR",FUT,20180316,,,,,2479916,2018-02-01,07:49,13252,13254.5,13252,13253.5,66,40
"DE000C02MHS9","FDXM","DAX","DE0008469008","EUR",FUT,20180316,,,,,2479918,2018-02-01,07:49,13252,13253,13252,13253,4,4
"DE000C02MHV3","FESB","SX7E","EU0009658426","EUR",FUT,20180316,,,,,2479921,2018-02-01,07:49,142.3,142.3,142.3,142.3,83,2
"DE000C02MJV9","FSMI","SMI","CH0009980894","CHF",FUT,20180316,,,,,2479954,2018-02-01,07:49,9285,9285,9285,9285,1,1
"DE000C08RE05","OGBL","FGBL","DE0009652644","EUR",OPT,20180223,159,Call,,1,2629960,2018-02-01,07:49,0.49,0.49,0.49,0.49,25,1
"DE000C08RE13","OGBL","FGBL","DE0009652644","EUR",OPT,20180223,159,Put,,1,2629961,2018-02-01,07:49,1,1,1,1,1,1
"DE000C09PZ27","FGBM",,,"EUR",MLEG,,,,"FGBM.S.MAR18.JUN18",,72060553270394916,2018-02-01,07:49,0.76,0.76,0.76,0.76,5,1
"DE000C0NSEN6","FESX","SX5E","EU0009658145","EUR",FUT,20180316,,,,,2258377,2018-02-01,07:50,3623,3624,3622,3623,390,15
"DE000C01YS98","FBON",,,"EUR",FUT,20180308,,,,,2468256,2018-02-01,07:50,145.36,145.36,145.36,145.36,2,1
"DE000C01YSB9","FBTP",,,"EUR",FUT,20180308,,,,,2468258,2018-02-01,07:50,135.9,135.94,135.9,135.92,40,14
"DE000C01YSD5","FGBL",,,"EUR",FUT,20180308,,,,,2468260,2018-02-01,07:50,158.48,158.51,158.48,158.5,1280,157
"DE000C01YSE3","FGBM",,,"EUR",FUT,20180308,,,,,2468261,2018-02-01,07:50,130.36,130.37,130.36,130.37,563,29
"DE000C01YSF0","FGBS",,,"EUR",FUT,20180308,,,,,2468262,2018-02-01,07:50,111.8,111.805,111.8,111.805,8,4
"DE000C01YSG8","FGBX",,,"EUR",FUT,20180308,,,,,2468263,2018-02-01,07:50,161.06,161.1,161.02,161.08,62,23
"DE000C01YSJ2","FOAT",,,"EUR",FUT,20180308,,,,,2468265,2018-02-01,07:50,152.73,152.73,152.7,152.72,252,45
"DE000C02MHL4","F2MX","MDAX","DE0008467416","EUR",FUT,20180316,,,,,2479912,2018-02-01,07:50,26872,26872,26872,26872,1,1
"DE000C02MHQ3","FDAX","DAX","DE0008469008","EUR",FUT,20180316,,,,,2479916,2018-02-01,07:50,13254,13255.5,13254,13254.5,50,41
"DE000C02MHS9","FDXM","DAX","DE0008469008","EUR",FUT,20180316,,,,,2479918,2018-02-01,07:50,13255,13256,13255,13255,6,5
"DE000C02MHV3","FESB","SX7E","EU0009658426","EUR",FUT,20180316,,,,,2479921,2018-02-01,07:50,142.2,142.2,142.2,142.2,3,1
"DE000C02MJV9","FSMI","SMI","CH0009980894","CHF",FUT,20180316,,,,,2479954,2018-02-01,07:50,9285,9286,9285,9286,3,2
"DE000C0NSEN6","FESX","SX5E","EU0009658145","EUR",FUT,20180316,,,,,2258377,2018-02-01,07:51,3624,3624,3622,3622,1059,16
"DE000C01YSB9","FBTP",,,"EUR",FUT,20180308,,,,,2468258,2018-02-01,07:51,135.93,135.93,135.9,135.9,101,8
"DE000C01YSD5","FGBL",,,"EUR",FUT,20180308,,,,,2468260,2018-02-01,07:51,158.5,158.52,158.49,158.5,896,76
"DE000C01YSE3","FGBM",,,"EUR",FUT,20180308,,,,,2468261,2018-02-01,07:51,130.37,130.37,130.37,130.37,112,8
"DE000C01YSF0","FGBS",,,"EUR",FUT,20180308,,,,,2468262,2018-02-01,07:51,111.805,111.805,111.8,111.8,251,2
"DE000C01YSG8","FGBX",,,"EUR",FUT,20180308,,,,,2468263,2018-02-01,07:51,161.1,161.1,161.06,161.06,32,12
"DE000C01YSJ2","FOAT",,,"EUR",FUT,20180308,,,,,2468265,2018-02-01,07:51,152.72,152.72,152.71,152.71,96,17
"DE000C02MHL4","F2MX","MDAX","DE0008467416","EUR",FUT,20180316,,,,,2479912,2018-02-01,07:51,26871,26871,26871,26871,1,1
"DE000C02MHQ3","FDAX","DAX","DE0008469008","EUR",FUT,20180316,,,,,2479916,2018-02-01,07:51,13255,13255.5,13252.5,13252.5,99,57
"DE000C02MHS9","FDXM","DAX","DE0008469008","EUR",FUT,20180316,,,,,2479918,2018-02-01,07:51,13255,13256,13252,13252,18,10
"DE000C02MJV9","FSMI","SMI","CH0009980894","CHF",FUT,20180316,,,,,2479954,2018-02-01,07:51,9286,9286,9283,9283,12,6
"DE000C02MKS3","FXXP","SXXP","EU0009658202","EUR",FUT,20180316,,,,,2479984,2018-02-01,07:51,395.6,395.6,395.6,395.6,1,1
"DE000C0NSEN6","FESX","SX5E","EU0009658145","EUR",FUT,20180316,,,,,2258377,2018-02-01,07:52,3623,3623,3623,3623,536,8
"DE000C01YS98","FBON",,,"EUR",FUT,20180308,,,,,2468256,2018-02-01,07:52,145.35,145.35,145.32,145.32,5,3
"DE000C01YSB9","FBTP",,,"EUR",FUT,20180308,,,,,2468258,2018-02-01,07:52,135.89,135.89,135.86,135.88,190,29
"DE000C01YSC7","FBTS",,,"EUR",FUT,20180308,,,,,2468259,2018-02-01,07:52,113.24,113.24,113.24,113.24,110,1
"DE000C01YSD5","FGBL",,,"EUR",FUT,20180308,,,,,2468260,2018-02-01,07:52,158.5,158.5,158.44,158.48,2055,164
"DE000C01YSE3","FGBM",,,"EUR",FUT,20180308,,,,,2468261,2018-02-01,07:52,130.37,130.37,130.34,130.36,4140,95
"DE000C01YSF0","FGBS",,,"EUR",FUT,20180308,,,,,2468262,2018-02-01,07:52,111.8,111.8,111.795,111.8,2884,48
"DE000C01YSG8","FGBX",,,"EUR",FUT,20180308,,,,,2468263,2018-02-01,07:52,161.04,161.04,160.9,161,118,48
"DE000C01YSJ2","FOAT",,,"EUR",FUT,20180308,,,,,2468265,2018-02-01,07:52,152.71,152.71,152.64,152.68,236,38
"DE000C02MHQ3","FDAX","DAX","DE0008469008","EUR",FUT,20180316,,,,,2479916,2018-02-01,07:52,13253,13254.5,13252.5,13253.5,69,35
"DE000C02MHS9","FDXM","DAX","DE0008469008","EUR",FUT,20180316,,,,,2479918,2018-02-01,07:52,13254,13254,13253,13253,6,6
"DE000C02MHV3","FESB","SX7E","EU0009658426","EUR",FUT,20180316,,,,,2479921,2018-02-01,07:52,142.2,142.2,142.1,142.1,199,2
"DE000C02MJV9","FSMI","SMI","CH0009980894","CHF",FUT,20180316,,,,,2479954,2018-02-01,07:52,9282,9284,9282,9284,2,2
"DE000C08RDW6","OGBL","FGBL","DE0009652644","EUR",OPT,20180223,158,Call,,1,2629956,2018-02-01,07:52,1.02,1.02,1.02,1.02,39,1
"DE000C08RE05","OGBL","FGBL","DE0009652644","EUR",OPT,20180223,159,Call,,1,2629960,2018-02-01,07:52,0.47,0.47,0.47,0.47,1,1
"DE000C08RE13","OGBL","FGBL","DE0009652644","EUR",OPT,20180223,159,Put,,1,2629961,2018-02-01,07:52,1,1,1,1,1,1
"DE000C08RF61","OGBM","FGBM","DE0009652651","EUR",OPT,20180223,130.5,Call,,1,2630000,2018-02-01,07:52,0.195,0.195,0.195,0.195,200,4
"DE000C1A2114","OGBL","FGBL","DE0009652644","EUR",OPT,20180223,157,Put,,1,2658547,2018-02-01,07:52,0.26,0.26,0.26,0.26,10,1
"DE000C1C4S64","OGBL","FGBL","DE0009652644","EUR",OPT,20180223,156,Put,,1,2707136,2018-02-01,07:52,0.12,0.12,0.12,0.12,650,1
"DE000C1LCVA3","OGBL","FGBL","DE0009652644","EUR",OPT,20180323,159,Call,,1,2886896,2018-02-01,07:52,0.17,0.17,0.17,0.17,5,1
"DE000C09PZJ8","FGBS",,,"EUR",MLEG,,,,"FGBS.S.MAR18.JUN18",,72060557565362212,2018-02-01,07:52,0.2,0.2,0.2,0.2,5,1
"DE000C09PZA7","FGBX",,,"EUR",MLEG,,,,"FGBX.S.MAR18.JUN18",,72060561860329508,2018-02-01,07:52,1.5,1.5,1.5,1.5,3,1
"DE000C0NSEN6","FESX","SX5E","EU0009658145","EUR",FUT,20180316,,,,,2258377,2018-02-01,07:53,3622,3623,3622,3622,184,7
"DE000C01YSB9","FBTP",,,"EUR",FUT,20180308,,,,,2468258,2018-02-01,07:53,135.89,135.89,135.88,135.88,29,5
"DE000C01YSC7","FBTS",,,"EUR",FUT,20180308,,,,,2468259,2018-02-01,07:53,113.24,113.24,113.24,113.24,55,1
"DE000C01YSD5","FGBL",,,"EUR",FUT,20180308,,,,,2468260,2018-02-01,07:53,158.48,158.49,158.47,158.48,949,96
"DE000C01YSE3","FGBM",,,"EUR",FUT,20180308,,,,,2468261,2018-02-01,07:53,130.36,130.37,130.36,130.37,430,3
"DE000C01YSF0","FGBS",,,"EUR",FUT,20180308,,,,,2468262,2018-02-01,07:53,111.8,111.8,111.8,111.8,350,2
"DE000C01YSG8","FGBX",,,"EUR",FUT,20180308,,,,,2468263,2018-02-01,07:53,161,161,160.96,160.98,42,15
"DE000C01YSJ2","FOAT",,,"EUR",FUT,20180308,,,,,2468265,2018-02-01,07:53,152.69,152.69,152.67,152.68,129,45
"DE000C02MHQ3","FDAX","DAX","DE0008469008","EUR",FUT,20180316,,,,,2479916,2018-02-01,07:53,13253,13253,13252,13252.5,24,17
"DE000C02MHS9","FDXM","DAX","DE0008469008","EUR",FUT,20180316,,,,,2479918,2018-02-01,07:53,13252,13252,13252,13252,1,1
"DE000C02MJV9","FSMI","SMI","CH0009980894","CHF",FUT,20180316,,,,,2479954,2018-02-01,07:53,9282,9282,9281,9281,4,2
"DE000C03JBH9","FVS","V2TX","DE000A0C3QF1","EUR",FUT,20180214,,,,,2509649,2018-02-01,07:53,15.25,15.25,15.25,15.25,3,1
"DE000C08RDZ9","OGBL","FGBL","DE0009652644","EUR",OPT,20180223,158.5,Put,,1,2629959,2018-02-01,07:53,0.74,0.74,0.74,0.74,1,1
"DE000C0NSEN6","FESX","SX5E","EU0009658145","EUR",FUT,20180316,,,,,2258377,2018-02-01,07:54,3622,3622,3621,3621,390,10
"DE000C01YSB9","FBTP",,,"EUR",FUT,20180308,,,,,2468258,2018-02-01,07:54,135.89,135.91,135.88,135.88,49,14
"DE000C01YSD5","FGBL",,,"EUR",FUT,20180308,,,,,2468260,2018-02-01,07:54,158.49,158.5,158.48,158.49,891,71
"DE000C01YSE3","FGBM",,,"EUR",FUT,20180308,,,,,2468261,2018-02-01,07:54,130.37,130.38,130.37,130.38,346,18
"DE000C01YSF0","FGBS",,,"EUR",FUT,20180308,,,,,2468262,2018-02-01,07:54,111.8,111.8,111.8,111.8,1000,4
"DE000C01YSG8","FGBX",,,"EUR",FUT,20180308,,,,,2468263,2018-02-01,07:54,161,161.04,161,161.04,58,12
"DE000C01YSJ2","FOAT",,,"EUR",FUT,20180308,,,,,2468265,2018-02-01,07:54,152.69,152.69,152.68,152.69,180,18
"DE000C02MHQ3","FDAX","DAX","DE0008469008","EUR",FUT,20180316,,,,,2479916,2018-02-01,07:54,13251.5,13252.5,13250,13250.5,65,40
"DE000C02MHS9","FDXM","DAX","DE0008469008","EUR",FUT,20180316,,,,,2479918,2018-02-01,07:54,13252,13252,13249,13251,15,11
"DE000C02MJV9","FSMI","SMI","CH0009980894","CHF",FUT,20180316,,,,,2479954,2018-02-01,07:54,9281,9281,9280,9280,5,3
"DE000C02MKJ2","FTDX","TDXP","DE0007203275","EUR",FUT,20180316,,,,,2479976,2018-02-01,07:54,2655,2655,2655,2655,3,1
"DE000C08RDW6","OGBL","FGBL","DE0009652644","EUR",OPT,20180223,158,Call,,1,2629956,2018-02-01,07:54,1.02,1.02,1.02,1.02,61,1
"DE000C08RDY2","OGBL","FGBL","DE0009652644","EUR",OPT,20180223,158.5,Call,,1,2629958,2018-02-01,07:54,0.73,0.73,0.73,0.73,3,1
"DE000C08RE05","OGBL","FGBL","DE0009652644","EUR",OPT,20180223,159,Call,,1,2629960,2018-02-01,07:54,0.49,0.49,0.49,0.49,9,1
"DE000C08RE47","OGBL","FGBL","DE0009652644","EUR",OPT,20180223,160,Call,,1,2629964,2018-02-01,07:54,0.19,0.19,0.19,0.19,20,1
"DE000C1AA8E3","OGBL","FGBL","DE0009652644","EUR",OPT,20180223,157.5,Put,,1,2655456,2018-02-01,07:54,0.37,0.37,0.37,0.37,51,2
"DE000C0NSEN6","FESX","SX5E","EU0009658145","EUR",FUT,20180316,,,,,2258377,2018-02-01,07:55,3621,3622,3621,3621,322,41
"DE000C01YSB9","FBTP",,,"EUR",FUT,20180308,,,,,2468258,2018-02-01,07:55,135.88,135.9,135.87,135.89,221,32
"DE000C01YSD5","FGBL",,,"EUR",FUT,20180308,,,,,2468260,2018-02-01,07:55,158.49,158.5,158.45,158.45,1552,119
"DE000C01YSE3","FGBM",,,"EUR",FUT,20180308,,,,,2468261,2018-02-01,07:55,130.38,130.38,130.35,130.35,778,14
"DE000C01YSF0","FGBS",,,"EUR",FUT,20180308,,,,,2468262,2018-02-01,07:55,111.8,111.8,111.8,111.8,620,7
"DE000C01YSG8","FGBX",,,"EUR",FUT,20180308,,,,,2468263,2018-02-01,07:55,161.02,161.04,161,161,236,51
"DE000C01YSJ2","FOAT",,,"EUR",FUT,20180308,,,,,2468265,2018-02-01,07:55,152.69,152.7,152.66,152.66,163,24
"DE000C02MHQ3","FDAX","DAX","DE0008469008","EUR",FUT,20180316,,,,,2479916,2018-02-01,07:55,13251,13251.5,13249.5,13249.5,52,41
"DE000C02MHS9","FDXM","DAX","DE0008469008","EUR",FUT,20180316,,,,,2479918,2018-02-01,07:55,13251,13252,13250,13250,10,6
"DE000C03JBH9","FVS","V2TX","DE000A0C3QF1","EUR",FUT,20180214,,,,,2509649,2018-02-01,07:55,15.3,15.3,15.3,15.3,1,1
"DE000C08RDW6","OGBL","FGBL","DE0009652644","EUR",OPT,20180223,158,Call,,1,2629956,2018-02-01,07:55,1.01,1.01,1.01,1.01,50,4
"DE000C08RDX4","OGBL","FGBL","DE0009652644","EUR",OPT,20180223,158,Put,,1,2629957,2018-02-01,07:55,0.53,0.53,0.53,0.53,4,1
"DE000C08RDY2","OGBL","FGBL","DE0009652644","EUR",OPT,20180223,158.5,Call,,1,2629958,2018-02-01,07:55,0.72,0.72,0.71,0.71,29,2
"DE000C08RDZ9","OGBL","FGBL","DE0009652644","EUR",OPT,20180223,158.5,Put,,1,2629959,2018-02-01,07:55,0.74,0.74,0.74,0.74,9,1
"DE000C08RE05","OGBL","FGBL","DE0009652644","EUR",OPT,20180223,159,Call,,1,2629960,2018-02-01,07:55,0.48,0.48,0.48,0.48,20,1
"DE000C08RE47","OGBL","FGBL","DE0009652644","EUR",OPT,20180223,160,Call,,1,2629964,2018-02-01,07:55,0.19,0.19,0.18,0.18,8,7
"DE000C08REC6","OGBL","FGBL","DE0009652644","EUR",OPT,20180223,162,Call,,1,2629972,2018-02-01,07:55,0.03,0.03,0.03,0.03,1,1
"DE000C09L5G1","FGBL",,,"EUR",FUT,20180607,,,,,2646191,2018-02-01,07:55,155.82,155.82,155.8,155.8,3,3
"DE000C09L5H9","FGBM",,,"EUR",FUT,20180607,,,,,2646192,2018-02-01,07:55,129.62,129.62,129.6,129.6,5,2
"DE000C1LCUL2","OGBL","FGBL","DE0009652644","EUR",OPT,20180323,154.5,Put,,1,2886879,2018-02-01,07:55,0.61,0.61,0.61,0.61,15,7
"DE000C09PZ43","FGBL",,,"EUR",MLEG,,,,"FGBL.S.MAR18.JUN18",,72060548975427620,2018-02-01,07:55,2.66,2.66,2.66,2.66,3,3
"DE000C09PZ27","FGBM",,,"EUR",MLEG,,,,"FGBM.S.MAR18.JUN18",,72060553270394916,2018-02-01,07:55,0.76,0.76,0.76,0.76,5,2
"DE000C0NSEN6","FESX","SX5E","EU0009658145","EUR",FUT,20180316,,,,,2258377,2018-02-01,07:56,3622,3622,3621,3622,462,15
"DE000C01YSB9","FBTP",,,"EUR",FUT,20180308,,,,,2468258,2018-02-01,07:56,135.89,135.9,135.86,135.86,166,28
"DE000C01YSC7","FBTS",,,"EUR",FUT,20180308,,,,,2468259,2018-02-01,07:56,113.24,113.24,113.24,113.24,328,1
"DE000C01YSD5","FGBL",,,"EUR",FUT,20180308,,,,,2468260,2018-02-01,07:56,158.45,158.47,158.44,158.44,1189,97
"DE000C01YSE3","FGBM",,,"EUR",FUT,20180308,,,,,2468261,2018-02-01,07:56,130.36,130.36,130.35,130.35,893,38
"DE000C01YSF0","FGBS",,,"EUR",FUT,20180308,,,,,2468262,2018-02-01,07:56,111.8,111.8,111.795,111.8,1167,14
"DE000C01YSG8","FGBX",,,"EUR",FUT,20180308,,,,,2468263,2018-02-01,07:56,161.02,161.04,160.96,160.96,315,73
"DE000C01YSJ2","FOAT",,,"EUR",FUT,20180308,,,,,2468265,2018-02-01,07:56,152.66,152.67,152.64,152.65,132,31
"DE000C02MHQ3","FDAX","DAX","DE0008469008","EUR",FUT,20180316,,,,,2479916,2018-02-01,07:56,13249,13250.5,13249,13250,39,27
"DE000C02MHS9","FDXM","DAX","DE0008469008","EUR",FUT,20180316,,,,,2479918,2018-02-01,07:56,13249,13249,13249,13249,4,3
"DE000C02MHV3","FESB","SX7E","EU0009658426","EUR",FUT,20180316,,,,,2479921,2018-02-01,07:56,142.1,142.1,142.1,142.1,113,12
"DE000C02MJV9","FSMI","SMI","CH0009980894","CHF",FUT,20180316,,,,,2479954,2018-02-01,07:56,9281,9281,9280,9280,6,2
"DE000C02MKJ2","FTDX","TDXP","DE0007203275","EUR",FUT,20180316,,,,,2479976,2018-02-01,07:56,2653,2653,2653,2653,4,1
"DE000C08RE47","OGBL","FGBL","DE0009652644","EUR",OPT,20180223,160,Call,,1,2629964,2018-02-01,07:56,0.18,0.18,0.18,0.18,2,2
"DE000C1LCU99","OGBL","FGBL","DE0009652644","EUR",OPT,20180323,153,Put,,1,2886873,2018-02-01,07:56,0.28,0.28,0.28,0.28,1,1
"DE000C1LCV64","OGBL","FGBL","DE0009652644","EUR",OPT,20180323,158,Call,,1,2886892,2018-02-01,07:56,0.32,0.32,0.32,0.32,1,1
"DE000C0NSEN6","FESX","SX5E","EU0009658145","EUR",FUT,20180316,,,,,2258377,2018-02-01,07:57,3622,3622,3621,3621,100,12
"DE000C01YSB9","FBTP",,,"EUR",FUT,20180308,,,,,2468258,2018-02-01,07:57,135.87,135.88,135.84,135.84,371,31
"DE000C01YSD5","FGBL",,,"EUR",FUT,20180308,,,,,2468260,2018-02-01,07:57,158.45,158.47,158.44,158.44,1988,104
"DE000C01YSE3","FGBM",,,"EUR",FUT,20180308,,,,,2468261,2018-02-01,07:57,130.35,130.36,130.35,130.35,473,32
"DE000C01YSF0","FGBS",,,"EUR",FUT,20180308,,,,,2468262,2018-02-01,07:57,111.8,111.8,111.795,111.795,2149,6
"DE000C01YSG8","FGBX",,,"EUR",FUT,20180308,,,,,2468263,2018-02-01,07:57,160.98,161.02,160.96,160.98,124,22
"DE000C01YSJ2","FOAT",,,"EUR",FUT,20180308,,,,,2468265,2018-02-01,07:57,152.65,152.68,152.64,152.65,457,62
"DE000C02MHL4","F2MX","MDAX","DE0008467416","EUR",FUT,20180316,,,,,2479912,2018-02-01,07:57,26869,26869,26869,26869,2,1
"DE000C02MHQ3","FDAX","DAX","DE0008469008","EUR",FUT,20180316,,,,,2479916,2018-02-01,07:57,13249.5,13251,13249.5,13250,16,8
"DE000C02MHS9","FDXM","DAX","DE0008469008","EUR",FUT,20180316,,,,,2479918,2018-02-01,07:57,13251,13251,13250,13251,4,3
"DE000C02MJV9","FSMI","SMI","CH0009980894","CHF",FUT,20180316,,,,,2479954,2018-02-01,07:57,9281,9281,9281,9281,1,1
"DE000C02MJZ0","FSTB","SX7P","EU0009658806","EUR",FUT,20180316,,,,,2479957,2018-02-01,07:57,194,194,194,194,20,3
"DE000C08RDX4","OGBL","FGBL","DE0009652644","EUR",OPT,20180223,158,Put,,1,2629957,2018-02-01,07:57,0.54,0.54,0.54,0.54,56,5
"DE000C08RE47","OGBL","FGBL","DE0009652644","EUR",OPT,20180223,160,Call,,1,2629964,2018-02-01,07:57,0.18,0.18,0.18,0.18,4,4
"DE000C08RF87","OGBM","FGBM","DE0009652651","EUR",OPT,20180223,130.75,Call,,1,2630002,2018-02-01,07:57,0.1,0.1,0.1,0.1,95,1
"DE000C1AA8E3","OGBL","FGBL","DE0009652644","EUR",OPT,20180223,157.5,Put,,1,2655456,2018-02-01,07:57,0.38,0.38,0.38,0.38,5,2
"DE000C1H6050","OGBL","FGBL","DE0009652644","EUR",OPT,20180525,156,Call,,1,2817647,2018-02-01,07:57,1.45,1.45,1.45,1.45,3,1
"DE000C1H6092","OGBL","FGBL","DE0009652644","EUR",OPT,20180525,157,Call,,1,2817651,2018-02-01,07:57,1.02,1.02,1.02,1.02,3,1
"DE000C102T08","OGB1","FGBL","DE0009652644","EUR",OPT,20180202,158.5,Put,,1,2911359,2018-02-01,07:57,0.25,0.25,0.25,0.25,2,1
"DE000C0NSEN6","FESX","SX5E","EU0009658145","EUR",FUT,20180316,,,,,2258377,2018-02-01,07:58,3622,3622,3621,3621,239,6
"DE000C01YS80","CONF",,,"CHF",FUT,20180308,,,,,2468255,2018-02-01,07:58,157.59,157.59,157.59,157.59,1,1
"DE000C01YS98","FBON",,,"EUR",FUT,20180308,,,,,2468256,2018-02-01,07:58,145.3,145.3,145.3,145.3,5,1
"DE000C01YSB9","FBTP",,,"EUR",FUT,20180308,,,,,2468258,2018-02-01,07:58,135.84,135.85,135.83,135.83,792,127
"DE000C01YSD5","FGBL",,,"EUR",FUT,20180308,,,,,2468260,2018-02-01,07:58,158.44,158.45,158.36,158.38,5181,317
"DE000C01YSE3","FGBM",,,"EUR",FUT,20180308,,,,,2468261,2018-02-01,07:58,130.35,130.35,130.32,130.32,2874,68
"DE000C01YSF0","FGBS",,,"EUR",FUT,20180308,,,,,2468262,2018-02-01,07:58,111.795,111.795,111.79,111.79,3184,20
"DE000C01YSG8","FGBX",,,"EUR",FUT,20180308,,,,,2468263,2018-02-01,07:58,160.98,161,160.84,160.86,304,101
"DE000C01YSJ2","FOAT",,,"EUR",FUT,20180308,,,,,2468265,2018-02-01,07:58,152.66,152.66,152.6,152.6,679,96
"DE000C02MHQ3","FDAX","DAX","DE0008469008","EUR",FUT,20180316,,,,,2479916,2018-02-01,07:58,13250,13251,13246.5,13247,71,49
"DE000C02MHS9","FDXM","DAX","DE0008469008","EUR",FUT,20180316,,,,,2479918,2018-02-01,07:58,13251,13251,13247,13248,15,13
"DE000C02MHV3","FESB","SX7E","EU0009658426","EUR",FUT,20180316,,,,,2479921,2018-02-01,07:58,142.2,142.2,142.2,142.2,12,1
"DE000C02MJV9","FSMI","SMI","CH0009980894","CHF",FUT,20180316,,,,,2479954,2018-02-01,07:58,9281,9282,9281,9282,18,3
"DE000C05DXP4","FVS","V2TX","DE000A0C3QF1","EUR",FUT,20180321,,,,,2549108,2018-02-01,07:58,14.6,14.6,14.6,14.6,10,1
"DE000C07N2W5","FVS","V2TX","DE000A0C3QF1","EUR",FUT,20180418,,,,,2601172,2018-02-01,07:58,15.6,15.6,15.6,15.6,9,1
"DE000C08RDX4","OGBL","FGBL","DE0009652644","EUR",OPT,20180223,158,Put,,1,2629957,2018-02-01,07:58,0.58,0.58,0.58,0.58,2,1
"DE000C08RDZ9","OGBL","FGBL","DE0009652644","EUR",OPT,20180223,158.5,Put,,1,2629959,2018-02-01,07:58,0.78,0.8,0.78,0.8,26,2
"DE000C08RE05","OGBL","FGBL","DE0009652644","EUR",OPT,20180223,159,Call,,1,2629960,2018-02-01,07:58,0.47,0.47,0.47,0.47,1,1
"DE000C08RE62","OGBL","FGBL","DE0009652644","EUR",OPT,20180223,160.5,Call,,1,2629966,2018-02-01,07:58,0.1,0.1,0.1,0.1,1,1
"DE000C09L5G1","FGBL",,,"EUR",FUT,20180607,,,,,2646191,2018-02-01,07:58,155.77,155.77,155.72,155.72,3,3
"DE000C1AA8E3","OGBL","FGBL","DE0009652644","EUR",OPT,20180223,157.5,Put,,1,2655456,2018-02-01,07:58,0.42,0.42,0.42,0.42,20,1
"DE000C1LCU99","OGBL","FGBL","DE0009652644","EUR",OPT,20180323,153,Put,,1,2886873,2018-02-01,07:58,0.28,0.29,0.28,0.29,12,7
"DE000C1LCUQ1","OGBL","FGBL","DE0009652644","EUR",OPT,20180323,155,Put,,1,2886881,2018-02-01,07:58,0.8,0.8,0.8,0.8,10,1
"DE000C09PZ43","FGBL",,,"EUR",MLEG,,,,"FGBL.S.MAR18.JUN18",,72060548975427620,2018-02-01,07:58,2.66,2.66,2.66,2.66,3,3
"DE000C0NSEN6","FESX","SX5E","EU0009658145","EUR",FUT,20180316,,,,,2258377,2018-02-01,07:59,3621,3622,3621,3622,1942,70
"DE000C01YSB9","FBTP",,,"EUR",FUT,20180308,,,,,2468258,2018-02-01,07:59,135.84,135.85,135.83,135.84,143,26
"DE000C01YSD5","FGBL",,,"EUR",FUT,20180308,,,,,2468260,2018-02-01,07:59,158.38,158.4,158.37,158.4,2975,272
"DE000C01YSE3","FGBM",,,"EUR",FUT,20180308,,,,,2468261,2018-02-01,07:59,130.33,130.33,130.32,130.33,2837,45
"DE000C01YSF0","FGBS",,,"EUR",FUT,20180308,,,,,2468262,2018-02-01,07:59,111.79,111.795,111.79,111.795,1930,15
"DE000C01YSG8","FGBX",,,"EUR",FUT,20180308,,,,,2468263,2018-02-01,07:59,160.86,160.94,160.86,160.92,80,31
"DE000C01YSJ2","FOAT",,,"EUR",FUT,20180308,,,,,2468265,2018-02-01,07:59,152.61,152.62,152.59,152.61,273,50
"DE000C02MHL4","F2MX","MDAX","DE0008467416","EUR",FUT,20180316,,,,,2479912,2018-02-01,07:59,26866,26919,26866,26919,3,2
"DE000C02MHQ3","FDAX","DAX","DE0008469008","EUR",FUT,20180316,,,,,2479916,2018-02-01,07:59,13247,13249.5,13244,13248.5,120,82
"DE000C02MHS9","FDXM","DAX","DE0008469008","EUR",FUT,20180316,,,,,2479918,2018-02-01,07:59,13247,13249,13245,13249,33,24
"DE000C02MJV9","FSMI","SMI","CH0009980894","CHF",FUT,20180316,,,,,2479954,2018-02-01,07:59,9283,9293,9283,9292,62,26
"DE000C02MKS3","FXXP","SXXP","EU0009658202","EUR",FUT,20180316,,,,,2479984,2018-02-01,07:59,395.5,395.5,395.5,395.5,4,4
"DE000C03JBH9","FVS","V2TX","DE000A0C3QF1","EUR",FUT,20180214,,,,,2509649,2018-02-01,07:59,15.3,15.3,15.3,15.3,3,1
"DE000C08RDX4","OGBL","FGBL","DE0009652644","EUR",OPT,20180223,158,Put,,1,2629957,2018-02-01,07:59,0.58,0.58,0.58,0.58,25,1
"DE000C08RDZ9","OGBL","FGBL","DE0009652644","EUR",OPT,20180223,158.5,Put,,1,2629959,2018-02-01,07:59,0.8,0.8,0.79,0.79,24,3
"DE000C08RE05","OGBL","FGBL","DE0009652644","EUR",OPT,20180223,159,Call,,1,2629960,2018-02-01,07:59,0.45,0.45,0.45,0.45,10,2
"DE000C08RE62","OGBL","FGBL","DE0009652644","EUR",OPT,20180223,160.5,Call,,1,2629966,2018-02-01,07:59,0.1,0.1,0.1,0.1,50,1
"DE000C09L5G1","FGBL",,,"EUR",FUT,20180607,,,,,2646191,2018-02-01,07:59,155.73,155.73,155.73,155.73,1,1
"DE000C1A2114","OGBL","FGBL","DE0009652644","EUR",OPT,20180223,157,Put,,1,2658547,2018-02-01,07:59,0.29,0.29,0.29,0.29,9,1
"DE000C1C4S56","OGBL","FGBL","DE0009652644","EUR",OPT,20180223,156.5,Put,,1,2707135,2018-02-01,07:59,0.19,0.19,0.19,0.19,4,1
"DE000C1D06U5","OGBL","FGBL","DE0009652644","EUR",OPT,20180223,155,Put,,1,2722438,2018-02-01,07:59,0.06,0.06,0.06,0.06,75,6
"DE000C09PZ43","FGBL",,,"EUR",MLEG,,,,"FGBL.S.MAR18.JUN18",,72060548975427620,2018-02-01,07:59,2.66,2.66,2.66,2.66,1,1
